id,title,year,url,abstract,triage_score,matches_known_d01_anchor,screening_status,provenance
doi:10.1115/gt2020-15403,Blade Tip Clearance Measurement Systems for High Speed Turbomachinery Applications and the Potential for Blade Tip Timing Applications,2020,https://doi.org/10.1115/gt2020-15403,"Abstract
               As turbomachinery OEMs focus efforts to further increase reliability, power and efficiencies, the running clearance between blade tips and stator continue to be of the utmost importance.
               This paper investigates the capability of capacitive tip clearance systems to perform individual blade tip clearance measurements on high speed rotors of up to 90,000rpm. A rotor was designed using finite element analysis; unique blade responses have been predicted.
               The objective of this investigation was to consider two different approaches to the application of blade tip clearance measurements and the system requirements to accurately measure low levels of radial displacement of a target rotating between 1,000rpm and 90,000rpm. The first uses the standard approach with passive probes and the second, a new technique using active probes that have demonstrated bandwidths of 1.2MHz and increased measuring range with a lower level of measurement uncertainty. Both systems’ approaches are compared, and their capabilities are evaluated for high-speed applications.
               The higher bandwidth capabilities of the latter system, combined with smaller sensor diameters, produces comparable signal rise times to the optical systems used in blade tip timing measurements. The difference in approach offers the potential of contamination resistant sensors for long term blade tip timing applications and measurement probes that do not require cooling",10,False,UNSCREENED,"[{""abstract_available"": true, ""db"": ""crossref"", ""query"": ""tip clearance optical capacitive measurement fan blade"", ""rank"": 22, ""source_id"": ""doi:10.1115/gt2020-15403""}]"
doi:10.1016/j.heliyon.2024.e25296,Numerical investigation on the influence of nonuniform tip clearance on rotor tip-clearance flow field structure,2024,https://doi.org/10.1016/j.heliyon.2024.e25296,,9,False,UNSCREENED,"[{""abstract_available"": false, ""db"": ""crossref"", ""query"": ""non-axisymmetric tip clearance rotor performance"", ""rank"": 21, ""source_id"": ""doi:10.1016/j.heliyon.2024.e25296""}]"
doi:10.1016/j.measurement.2024.115777,Improving the blade tip clearance measurement method based on blade tip timing: Accounting for rotor speed variations and non-uniform blade-by-blade tip clearance,2025,https://doi.org/10.1016/j.measurement.2024.115777,,9,False,UNSCREENED,"[{""abstract_available"": false, ""db"": ""crossref"", ""query"": ""ducted fan non-uniform tip clearance experimental"", ""rank"": 7, ""source_id"": ""doi:10.1016/j.measurement.2024.115777""}, {""abstract_available"": false, ""db"": ""crossref"", ""query"": ""tip clearance optical capacitive measurement fan blade"", ""rank"": 2, ""source_id"": ""doi:10.1016/j.measurement.2024.115777""}, {""abstract_available"": false, ""db"": ""crossref"", ""query"": ""non-axisymmetric tip clearance rotor performance"", ""rank"": 5, ""source_id"": ""doi:10.1016/j.measurement.2024.115777""}]"
doi:10.1063/1.4964858,On the development of a magnetoresistive sensor for blade tip timing and blade tip clearance measurement systems,2016,https://doi.org/10.1063/1.4964858,"A simultaneous blade tip timing (BTT) and blade tip clearance (BTC) measurement system enables the determination of turbomachinery blade vibrations and ensures the monitoring of the existing running gaps between the blade tip and the casing. This contactless instrumentation presents several advantages compared to the well-known telemetry system with strain gauges, at the cost of a more complex data processing procedure. The probes used can be optical, capacitive, eddy current as well as microwaves, everyone with its dedicated electronics and many existing different signal processing algorithms. Every company working in this field has developed its own processing method and sensor technology. Hence, repeating the same test with different instrumentations, the answer is often different. Moreover, rarely it is possible to achieve reliability for in-service measurements. Developments are focused on innovative instrumentations and a common standard. This paper focuses on the results achieved using a novel magnetoresistive sensor for simultaneous tip timing and tip clearance measurements. The sensor measurement principle is described. The sensitivity to gap variation is investigated. In terms of measurement of vibrations, experimental investigations were performed at the Air Force Institute of Technology (ITWL, Warsaw, Poland) in a real aeroengine and in the von Karman Institute (VKI) R2 compressor rig. The advantages and limitations of the magnetoresistive probe for turbomachinery",9,False,UNSCREENED,"[{""abstract_available"": true, ""db"": ""crossref"", ""query"": ""tip clearance optical capacitive measurement fan blade"", ""rank"": 17, ""source_id"": ""doi:10.1063/1.4964858""}]"
doi:10.1115/1.3230742,Laser-Optical Blade Tip Clearance Measurement System,1981,https://doi.org/10.1115/1.3230742,"The need for blade tip clearance instrumentation has been intensified recently by advances in technology of gas turbine engines. A new laser-optical measurement system has been developed to measure single blade tip clearances and average blade tip clearances between a rotor and its gas path seal in rotating component rigs and complete engines. The system is applicable to fan, compressor and turbine blade tipe clearance measurements. The engine mounted probe is particularly suitable for operation in the extreme turbine environment. The measurement system consists of an optical subsystem, an electronic subsystem and a computing and graphic terminal. Bench tests and environmental tests were conducted to confirm operation at temperatures, pressures, and vibration levels typically encountered in an operating gas turbine engine.",9,False,UNSCREENED,"[{""abstract_available"": true, ""db"": ""crossref"", ""query"": ""tip clearance optical capacitive measurement fan blade"", ""rank"": 7, ""source_id"": ""doi:10.1115/1.3230742""}]"
doi:10.1115/2000-gt-0416,Non-Uniform Flow in a Compressor due to Asymmetric Tip Clearance,2000,https://doi.org/10.1115/2000-gt-0416,"This paper presents an analytical study of flow redistribution in a compressor stage due to asymmetric tip clearance distribution. The entire stage is modeled as an actuator disc, and it is assumed that upstream and downstream flow fields are determined by the local tip clearance. The flow is assumed to be inviscid and incompressible. First, an axisymmetric flow model is used to connect upstream and downstream flows. Second, a linear perturbation approximation is used for non-axisymmetric analysis in which each flow variable is assumed to consist of a mean (axisymmetric value) plus a small perturbation (asymmetric value). Thus, the perturbations in velocity and pressure induced by the tip clearance asymmetry are predicted. Furthermore, rotordynamic effects of such flow non-uniformity are examined as well.",9,False,UNSCREENED,"[{""abstract_available"": true, ""db"": ""crossref"", ""query"": ""ducted fan non-uniform tip clearance experimental"", ""rank"": 27, ""source_id"": ""doi:10.1115/2000-gt-0416""}]"
doi:10.1115/78-gt-164,Turbine Blade Tip Clearance Measurement Utilizing Borescope Photography,1978,https://doi.org/10.1115/78-gt-164,"In this paper, a technique is presented for the detrmination of turbine rotor bade tip-to-stationary shroud clearance requirements utilizing fiber optics. To accomplish these tip clearance determinations, special rub pins were installed in the turbine shrouds, or tip-shoes, of a 10,000-hp engine. A test procedure was created based upon a transient dimensional analysis, and a cooled borescope and camera were developed. The clearances are presented from a series of successive engine tests.",9,False,UNSCREENED,"[{""abstract_available"": true, ""db"": ""crossref"", ""query"": ""tip clearance optical capacitive measurement fan blade"", ""rank"": 12, ""source_id"": ""doi:10.1115/78-gt-164""}]"
doi:10.1115/91-gt-164,Turbine Blade Tip Clearance Improvement,1991,https://doi.org/10.1115/91-gt-164,"A recently developed non-traditional design concept addressing turbine blade tip clearance reduction to provide long-term engine performance improvement and stability is presented. The concept is based on the direct attachment of the diaphragm, which supports Stage 1 integral nozzle and tips shroud segments, to the bearing housing, thus providing a close thermal link between the rotor and the stator. Transient thermal matching between the rotating and stationary structures was based on analytical prediction. Results of the complex turbine hot section study including cooling flow, thermal, stress, and deflection analyses are presented. An advanced tip clearance measurement technique was used in the full scale engine test to verify the analytical predictions. The potential to reduce tip clearance to less than 1% of blade height without blade tip rubs has been demonstrated. Extensive field operating experience with more than 100 Centaur Type ‘H’ engines showed very light or no blade tip rub and corresponding engine performance stability during long-term operation.",9,False,UNSCREENED,"[{""abstract_available"": true, ""db"": ""crossref"", ""query"": ""tip clearance optical capacitive measurement fan blade"", ""rank"": 27, ""source_id"": ""doi:10.1115/91-gt-164""}]"
doi:10.1115/gt2022-82750,Analytical Methods for Transonic Compressor Rotor Blade Tip Clearance Measurements Using Capacitive Probes,2022,https://doi.org/10.1115/gt2022-82750,"Abstract
               A method is presented to improve the capability of proximity sensing capacitive probes used in rotor blade tip clearance (BTC) measurements. This research presents the development and result of a post-processing method used to calibrate capacitive probe instrumentation that will be used to passively analyze BTC of a transonic axial fan under high-speed and high-transient loading. The method attempts to address limitations currently placed on BTC measurements due to poor a SNR. Each revolution’s raw capacitive probe signal is uniformly resampled to a synchronizing once-per-revolution signal, normalizing the data. This reduces timing inaccuracies in the sampling frequency inherent to the data acquisition system and transfers data into a spatial domain removing time dependence and rotational speed variance, which in turn improves the SNR. A Fast Fourier Transform (FFT) is used to identify acceptable lowpass filter passbands that are then adaptively applied to this resampled data based on tip clearance distance. This produces increased precision and dynamic range in capacitive probe calibration compared to existing BTC calibration methods. Use of the proposed method gives the potential ability to operate capacitive probes at larger ranges and in poor SNR environments and gives a possible application in monitoring rotor blade integrity, at a low, additional computation time cost.",9,False,UNSCREENED,"[{""abstract_available"": true, ""db"": ""crossref"", ""query"": ""tip clearance optical capacitive measurement fan blade"", ""rank"": 36, ""source_id"": ""doi:10.1115/gt2022-82750""}]"
doi:10.2139/ssrn.4820937,Improving the Blade Tip Clearance Measurement Method Based on Blade Tip Timing: Accounting for Rotor Speed Variations and Non-Uniform Blade-by-Blade Tip Clearance,2024,https://doi.org/10.2139/ssrn.4820937,,9,False,UNSCREENED,"[{""abstract_available"": false, ""db"": ""crossref"", ""query"": ""ducted fan non-uniform tip clearance experimental"", ""rank"": 1, ""source_id"": ""doi:10.2139/ssrn.4820937""}, {""abstract_available"": false, ""db"": ""crossref"", ""query"": ""ducted fan tip clearance ovality"", ""rank"": 35, ""source_id"": ""doi:10.2139/ssrn.4820937""}, {""abstract_available"": false, ""db"": ""crossref"", ""query"": ""tip clearance optical capacitive measurement fan blade"", ""rank"": 1, ""source_id"": ""doi:10.2139/ssrn.4820937""}, {""abstract_available"": false, ""db"": ""crossref"", ""query"": ""non-axisymmetric tip clearance rotor performance"", ""rank"": 1, ""source_id"": ""doi:10.2139/ssrn.4820937""}]"
doi:10.1088/0957-0233/11/7/303,Techniques for blade tip clearance measurements with capacitive probes,2000,https://doi.org/10.1088/0957-0233/11/7/303,,8,False,UNSCREENED,"[{""abstract_available"": false, ""db"": ""crossref"", ""query"": ""tip clearance optical capacitive measurement fan blade"", ""rank"": 5, ""source_id"": ""doi:10.1088/0957-0233/11/7/303""}]"
doi:10.1109/imtc.2002.1007093,Capacitive blade tip clearance measurements for a micro gas turbine,,https://doi.org/10.1109/imtc.2002.1007093,,8,False,UNSCREENED,"[{""abstract_available"": false, ""db"": ""crossref"", ""query"": ""tip clearance optical capacitive measurement fan blade"", ""rank"": 6, ""source_id"": ""doi:10.1109/imtc.2002.1007093""}]"
doi:10.1115/1.4023468,Tip Clearance Investigation of a Ducted Fan Used in VTOL Unmanned Aerial Vehicles—Part I: Baseline Experiments and Computational Validation,2013,https://doi.org/10.1115/1.4023468,"Ducted fans that are popular choices in vertical take-off and landing (VTOL) unmanned aerial vehicles (UAV) offer a higher static thrust/power ratio for a given diameter than open propellers. Although ducted fans provide high performance in many VTOL applications, there are still unresolved problems associated with these systems. Fan rotor tip leakage flow is a significant source of aerodynamic loss for ducted fan VTOL UAVs and adversely affects the general aerodynamic performance of these vehicles. The present study utilized experimental and computational techniques in a 559 mm diameter ducted fan test system that has been custom designed and manufactured. The experimental investigation consisted of total pressure measurements using Kiel total pressure probes and real time six-component force and torque measurements. The computational technique used in this study included a 3D Reynolds-averaged Navier–Stokes (RANS) based computational fluid dynamics model of the ducted fan test system. Reynolds-averaged Navier–Stokes simulations of the flow around the rotor blades and duct geometry in the rotating frame of reference provided a comprehensive description of the tip leakage and passage flow. The experimental and computational analysis performed for various tip clearances were utilized in understanding the effect of the tip leakage flow on the aerodynamic performance of ducted fans used in VTOL UAVs. The aerodynamic measurements and results of the RANS simulations showed good ag",8,False,UNSCREENED,"[{""abstract_available"": true, ""db"": ""crossref"", ""query"": ""ducted fan non-uniform tip clearance experimental"", ""rank"": 10, ""source_id"": ""doi:10.1115/1.4023468""}, {""abstract_available"": true, ""db"": ""crossref"", ""query"": ""ducted fan tip clearance ovality"", ""rank"": 4, ""source_id"": ""doi:10.1115/1.4023468""}]"
doi:10.1115/96-ta-001,Review of Progress in the Development of Capacitive Sensors for Blade Tip Clearance Measurement,1996,https://doi.org/10.1115/96-ta-001,"This paper describes how blade tip clearances can be measured with capacitive sensors and the right electronic devices. The design of a capacitive sensor is tightly connected to the engine environment, but also the electronic system which is used to calculate the blade tip clearance. We present two kinds of capacitive sensors : the composite and the integral sensors we developed for use in a compressor. Based on that experience we are developing and testing turbine versions of these designs. In an aero gas turbine the design aim is sensors that shall survive temperatures and vibrations as high as 1,300°C and 150 G’s.",8,False,UNSCREENED,"[{""abstract_available"": true, ""db"": ""crossref"", ""query"": ""tip clearance optical capacitive measurement fan blade"", ""rank"": 3, ""source_id"": ""doi:10.1115/96-ta-001""}]"
doi:10.1115/97-gt-406,Effects of Non-Axisymmetric Tip Clearance on Axial Compressor Performance and Stability,1997,https://doi.org/10.1115/97-gt-406,"The effects of circumferentially non-uniform lip clearance on axial compressor performance and stability have been investigated experimentally and analytically. A theoretical model for compressor behavior with non-axisymmetric tip clearance has been developed and used to design a series of first-of-a-kind experiments on a four-stage, low speed compressor. The experiments and computational results together show clearly the central physical features and controlling parameters of compressor response to non-axisymmetric lip clearance.
               It was found that the loss in stall margin was more severe than that estimated based on average clearance. The stall point was, in fact, closer to that obtained with uniform clearance at the maximum clearance level. The circumferential length scale of the tip clearance (and accompanying flow asymmetry) was an important factor in determining the stall margin reduction. For the same average clearance, the loss in peak pressure rise was 50% higher for an asymmetry with fundamental wavelength equal to the compressor circumference than with wavelength equal to one-half the circumference. The clearance asymmetry had much less of an effect on peak efficiency; the measured maximum efficiency decrease obtained was less than 0.4 percent compared to the 8% decrease in peak pressure rise due to the asymmetric clearance. The efficiency penalty due to non-axisymmetric tip clearance was thus close to that obtained with a uniform clearance at the cir",8,False,UNSCREENED,"[{""abstract_available"": false, ""db"": ""openalex"", ""query"": ""ducted fan non-uniform tip clearance experimental"", ""rank"": 9, ""source_id"": ""doi:10.1115/97-gt-406""}, {""abstract_available"": false, ""db"": ""openalex"", ""query"": ""ducted fan tip clearance ovality"", ""rank"": 2, ""source_id"": ""doi:10.1115/97-gt-406""}, {""abstract_available"": true, ""db"": ""crossref"", ""query"": ""non-axisymmetric tip clearance rotor performance"", ""rank"": 15, ""source_id"": ""doi:10.1115/97-gt-406""}, {""abstract_available"": false, ""db"": ""openalex"", ""query"": ""non-axisymmetric tip clearance rotor performance"", ""rank"": 5, ""source_id"": ""doi:10.1115/97-gt-406""}]"
doi:10.1115/gt2004-53563,The Measurement of Turbomachinery Blade Vibration Through Tip Timing With Capacitance Tip Clearance Probes,2004,https://doi.org/10.1115/gt2004-53563,"Turbomachinery blade vibrations can cause High Cycle Fatigue, which reduces blade life. In order to observe this vibration a non-intrusive monitoring system is sought. The vibration can be detected by measuring blade tip timing since in the presence of vibration the blade timing will differ slightly from the passing time calculated from rotor speed. Much research and development has gone into investigating the ability of optical probes to achieve this. However, this paper looks at the potential for a dual use capacitance probe sensor to measure both tip timing and tip clearance. This paper provides new insights into the ability of a commercially available capacitance probe tip clearance measurement system for application as a non-intrusive turbomachinery blade tip timing measurement device. This is done by correlating capacitance probe tip timing results with simultaneously measured blade-mounted strain gauge vibration results and precise rotational speeds. Thus the characterisation of the performance of the capacitance probe system when measuring blade vibration on a full-sized low-speed research compressor is analysed and reported.",8,False,UNSCREENED,"[{""abstract_available"": true, ""db"": ""crossref"", ""query"": ""tip clearance optical capacitive measurement fan blade"", ""rank"": 19, ""source_id"": ""doi:10.1115/gt2004-53563""}]"
doi:10.1115/gt2011-46356,Tip Clearance Investigation of a Ducted Fan Used in VTOL UAVS: Part 1—Baseline Experiments and Computational Validation,2011,https://doi.org/10.1115/gt2011-46356,"Ducted fans that are popular choices in vertical take-off and landing (VTOL) unmanned aerial vehicles (UAV) offer a higher static thrust/power ratio for a given diameter than open propellers. Although ducted fans provide high performance in many VTOL applications, there are still unresolved problems associated with these systems. Fan rotor tip leakage flow is a significant source of aerodynamic loss for ducted fan VTOL UAVs and adversely affects the general aerodynamic performance of these vehicles. The present study utilized experimental and computational techniques in a 22″ diameter ducted fan test system that has been custom designed and manufactured. Experimental investigation consisted of total pressure measurements using Kiel total pressure probes and real time six-component force and torque measurements. The computational technique used in this study included a 3D Reynolds-Averaged Navier Stokes (RANS) based CFD model of the ducted fan test system. RANS simulations of the flow around rotor blades and duct geometry in the rotating frame of reference provided a comprehensive description of the tip leakage and passage flow. The experimental and computational analysis performed for various tip clearances were utilized in understanding the effect of the tip leakage flow on aerodynamic performance of ducted fans used in VTOL UAVs. The aerodynamic measurements and results of the RANS simulations showed good agreement especially near the tip region.",8,False,UNSCREENED,"[{""abstract_available"": true, ""db"": ""crossref"", ""query"": ""ducted fan non-uniform tip clearance experimental"", ""rank"": 9, ""source_id"": ""doi:10.1115/gt2011-46356""}, {""abstract_available"": true, ""db"": ""crossref"", ""query"": ""ducted fan tip clearance ovality"", ""rank"": 3, ""source_id"": ""doi:10.1115/gt2011-46356""}]"
doi:10.1243/jmes_jour_1974_016_070_02,Theoretical Studies of Tip Clearance and Radial Variation of Blade Loading on the Operation of Ducted Fans and Propellers,1974,https://doi.org/10.1243/jmes_jour_1974_016_070_02," Actuator disc theory and surface singularity techniques are applied to the performance of ducted fans and propellers, with particular reference to the radial clearance between rotor tips and duct inner surface and the radial distribution of rotor-blade loading. Many accounts have been written on ducted propellers but none includes the effects of clearance in any other than an approximate manner, that is, one-dimensional theory. The few studies that have been made of the radial variation in blade loading have been inconclusive and vague, mainly because of the inadequate duct model employed.  Here an accurate nonlinear theory is used to represent the duct and centrebody which has already been used successfully in the prediction of ducted propeller performance. Actuator disc theory, which is particularly suitable for combination with blade-element theory, is used to represent the variable-load propeller. Computed performance characteristics compare favourably with experimental results and the present studies enable the designer to fix both tip clearance and radial load distribution to suit the particular application under consideration. The general conclusions confirm and reinforce the limited experimental results available. ",8,False,UNSCREENED,"[{""abstract_available"": true, ""db"": ""crossref"", ""query"": ""ducted fan tip clearance ovality"", ""rank"": 25, ""source_id"": ""doi:10.1243/jmes_jour_1974_016_070_02""}]"
doi:10.1088/1361-6501/ad915f,Blade tip clearance measurement method based on blade tip timing without the once per revolution sensor,2024,https://doi.org/10.1088/1361-6501/ad915f,"Abstract
               The rotor blade tip clearance (BTC) of an aeroengine is a critical parameter that significantly impacts its performance and safety. Accurately determining dynamic BTC has been a focal point of research in experimental testing. Among the effective measurement methods for dynamic BTC, the laser triangulation method based on blade tip timing (BTT) stands out. However, this method typically relies on an once-per-revolution (OPR) sensor for rotor speed and blade serial number information during measurement, leading to increased installation and maintenance costs as well as additional measurement uncertainties. In response to this challenge, this paper presents two signal processing method that eliminate the need for an OPR sensor. The first method, referred to as ‘none OPR method 1,’ closely follows the measurement principles of the traditional method but employs a skewed dual light probe (SDLP) signal to extract rotational speed information, thus obviating the need for an OPR sensor. The second method, ‘none OPR method 2,’ introduces a novel data processing approach that enables BTC determination without any source of rotor speed information. Both methods utilize dynamic and static BTC matching techniques to identify blade serial numbers and achieve BTC measurement without an OPR sensor on a simulated rotor experimental bench. Comparative analysis with traditional method BTC measurements reveals that, under stable rotor speeds, all methods achieve similar ",7,False,UNSCREENED,"[{""abstract_available"": true, ""db"": ""crossref"", ""query"": ""tip clearance optical capacitive measurement fan blade"", ""rank"": 11, ""source_id"": ""doi:10.1088/1361-6501/ad915f""}]"
doi:10.1088/1742-6596/2428/1/012032,Research on Tip Clearance Measurement Technology of Aero-engine Blade Based on Optical Fiber Sensing System,2023,https://doi.org/10.1088/1742-6596/2428/1/012032,"Abstract
               A novel non-contact detecting method of aero-engine blade tip clearance based on an optical fiber sensing system is presented. To eliminate the sensor measurement error caused by the slight change of the reflectivity value of the mechanical end face when the light source angle fluctuates and rotates, a three-coil coaxial fiber bundle sensor is proposed. Relevant experimental results show that the system has the advantages of high measurement sensitivity, small sensing probe volume, strong electromagnetic interference resistance, and high reliability. The application of this technology provides an effective method for dynamic radial gap detection of high-speed rotating machinery.",7,False,UNSCREENED,"[{""abstract_available"": true, ""db"": ""crossref"", ""query"": ""tip clearance optical capacitive measurement fan blade"", ""rank"": 38, ""source_id"": ""doi:10.1088/1742-6596/2428/1/012032""}]"
doi:10.1088/1742-6596/2820/1/012030,Feasibility verification of a vertically foldable propeller,2024,https://doi.org/10.1088/1742-6596/2820/1/012030,"Abstract
               This study designs a vertically folding paddle to reduce the lateral dimensions of the hollow-wheeled multi-rotor flying vehicle, minimize the impact of the paddles on the carrying platform, and enhance its capacity to maneuver through tight places when walking on the ground. Force analysis is used with the rotor’s known kinematic characteristics to determine the paddle blade’s efficiency at various throttle settings. To confirm the design’s viability, a test platform is constructed, the motion data of the vertically folding paddle is recorded, and the effectiveness of the two paddles is examined.",7,False,UNSCREENED,"[{""abstract_available"": true, ""db"": ""crossref"", ""query"": ""foldable duct propeller rotor"", ""rank"": 14, ""source_id"": ""doi:10.1088/1742-6596/2820/1/012030""}]"
doi:10.1115/1.2777187,Optimized Shroud Design for Axial Turbine Aerodynamic Performance,2008,https://doi.org/10.1115/1.2777187,"This paper presents a comprehensive study of the effect of shroud design in axial turbine aerodynamics. Experimental measurements and numerical simulations have been conducted on three different test cases with identical blade geometry and tip clearances but different shroud designs. The first and second test cases are representative of a full shroud and a nonaxisymmetric partial shroud geometry while the third test case uses an optimized partial shroud. Partial shrouds are sometimes used in industrial application in order to benefit from the advantage of shrouded configuration, as well as reduce mechanical stress on the blades. However, the optimal compromise between mechanical considerations and aerodynamic performances is still an open issue due to the resulting highly three-dimensional unsteady flow field. Aerodynamic performance is measured in a low-speed axial turbine facility and shows that there are clear differences between the test cases. In addition, steady and time resolved measurements are performed together with computational analysis in order to improve the understanding of the effect of the shroud geometry on the flow field and to quantify the sources of the resultant additional losses. The flow field analysis shows that the effect of the shroud geometry is significant from 60% blade height span to the tip. Tip leakage vortex in the first rotor is originated in the partial shroud test cases while the full shroud case presents only a weak indigenous tip passage",7,False,UNSCREENED,"[{""abstract_available"": true, ""db"": ""crossref"", ""query"": ""segmented shroud rotor duct seam aerodynamic"", ""rank"": 30, ""source_id"": ""doi:10.1115/1.2777187""}]"
doi:10.1115/1.2814098,A Blade-by-Blade Tip Clearance Measurement System for Gas Turbine Applications,1995,https://doi.org/10.1115/1.2814098,"It is difficult to make a reliable measurement of running clearance in the hostile environment over the blading of a modern gas turbine. When engine manufacturers require the measurement to be made over every blade during live engine tests, system reliability, ruggedness, and ease of operation are of primary importance. This paper describes a tip clearance measurement system that can measure clearance over every blade around a rotor. The measurement system concept is presented, and the system design described in detail. Commissioning of the measurement system on a compressor test facility, and the results obtained are discussed. An analysis of system performance during the commissioning trials concludes the paper.",7,False,UNSCREENED,"[{""abstract_available"": true, ""db"": ""crossref"", ""query"": ""tip clearance optical capacitive measurement fan blade"", ""rank"": 28, ""source_id"": ""doi:10.1115/1.2814098""}]"
doi:10.1115/1.4023469,Tip Clearance Investigation of a Ducted Fan Used in VTOL Unmanned Aerial Vehicles—Part II: Novel Treatments Via Computational Design and Their Experimental Verification,2013,https://doi.org/10.1115/1.4023469,"Ducted fan based vertical lift systems are excellent candidates to be in the group of the next generation vertical lift vehicles, with many potential applications in general aviation and military missions. Although ducted fans provide high performance in many “vertical take-off and landing” (VTOL) applications, there are still unresolved problems associated with these systems. Fan rotor tip leakage flow adversely affects the general aerodynamic performance of ducted fan VTOL unmanned aerial vehicles (UAVs). The current study utilized a three-dimensional Reynolds-averaged Navier–Stokes (RANS) based computational fluid dynamics (CFD) model of ducted fan for the development and design analysis of novel tip treatments. Various tip leakage mitigation schemes were introduced by varying the chordwise location and the width of the extension in the circumferential direction. Reduced tip clearance related flow interactions were essential in improving the energy efficiency and range of ducted fan based vehicles. Full and inclined pressure side tip squealers were also designed. Squealer tips were effective in changing the overall trajectory of the tip vortex to a higher path in radial direction. The interaction of rotor blades and tip vortex was effectively reduced and the aerodynamic performance of the rotor blades was improved. The overall aerodynamic gain was a measurable reduction in leakage mass flow rate. This leakage reduction increased thrust significantly. Experimental measureme",7,False,UNSCREENED,"[{""abstract_available"": true, ""db"": ""crossref"", ""query"": ""ducted fan non-uniform tip clearance experimental"", ""rank"": 4, ""source_id"": ""doi:10.1115/1.4023469""}, {""abstract_available"": true, ""db"": ""crossref"", ""query"": ""ducted fan tip clearance ovality"", ""rank"": 6, ""source_id"": ""doi:10.1115/1.4023469""}]"
doi:10.1115/89-gt-82,Effects of Tip Clearance of Nozzle Vanes on Performance of Radial Turbine Rotor,1989,https://doi.org/10.1115/89-gt-82,"In radial turbines with variable nozzles, the flow downstream of the nozzles could be distorted by the leakage flow through the tip-clearance of the upstream nozzle vanes. To investigate the effects of flow distortion on the performance of turbine rotors, two rotors with different number of blades were tested for three types of distorted velocity distributions at the rotor inlet. In the case of the 20 blade rotor with moderate blade loading, the flow distortion at the rotor inlet had negligible effect on the rotor characteristics, and the measured data on the turbine performances agreed well with a prediction. Predictions were made with a conventional one-dimensional flow model applied to the rotor flow while a two-layer flow model was applied to the flow in the nozzle with clearance. In the case of the 10 blade rotor with heavy blade loading, however, the rotor performance was found to be sensitive to the inlet flow distortion and was considerably lower than the prediction.",7,False,UNSCREENED,"[{""abstract_available"": true, ""db"": ""crossref"", ""query"": ""non-axisymmetric tip clearance rotor performance"", ""rank"": 12, ""source_id"": ""doi:10.1115/89-gt-82""}]"
doi:10.1115/94-gt-040,A Blade by Blade Tip Clearance Measurement System for Gas Turbine Applications,1994,https://doi.org/10.1115/94-gt-040,"It is difficult to make a reliable measurement of running clearance in the hostile environment over the blading of a modern gas turbine. When engine manufacturers require the measurement to be made over every blade during live engine tests, system reliability, ruggedness and ease of operation are of primary importance.
               This paper describes a tip clearance measurement system that can measure clearance over every blade around a rotor. The measurement system concept is presented, and the system design described in detail. Commissioning of the measurement system on a compressor test facility, and the results obtained are discussed. An analysis of system performance during the commissioning trials concludes the paper.",7,False,UNSCREENED,"[{""abstract_available"": true, ""db"": ""crossref"", ""query"": ""tip clearance optical capacitive measurement fan blade"", ""rank"": 31, ""source_id"": ""doi:10.1115/94-gt-040""}]"
doi:10.1115/gt2011-46359,Tip Clearance Investigation of a Ducted Fan Used in VTOL UAVS: Part 2—Novel Treatments via Computational Design and Their Experimental Verification,2011,https://doi.org/10.1115/gt2011-46359,"Ducted fan based vertical lift systems are excellent candidates to be in the group of the next generation vertical lift vehicles, with many potential applications in general aviation and military missions. Although ducted fans provide high performance in many “Vertical Take-Off and Landing” (VTOL) applications, there are still unresolved problems associated with these systems. Fan rotor tip leakage flow adversely affects the general aerodynamic performance of ducted fan VTOL UAVs. The current study utilized a three dimensional Reynolds-Averaged Navier Stokes (RANS) based CFD model of ducted fan for the development and design analysis of novel tip treatments. Various tip leakage mitigation schemes were introduced by varying the chordwise location and the width of the extension in the circumferential direction. Reduced tip clearance related flow interactions were essential in improving the energy efficiency and range of ducted fan based vehicles. Full and inclined pressure side tip squealers were also designed. Squealer tips were effective in changing the overall trajectory of the tip vortex to a higher path in radial direction. The interaction of rotor blades and tip vortex was effectively reduced and the aerodynamic performance of the rotor blades was improved. The overall aerodynamic gain was a measurable reduction in leakage mass flow rate. This leakage reduction increased thrust significantly. Experimental measurements indicated that full and inclined pressure side tip squ",7,False,UNSCREENED,"[{""abstract_available"": true, ""db"": ""crossref"", ""query"": ""ducted fan non-uniform tip clearance experimental"", ""rank"": 3, ""source_id"": ""doi:10.1115/gt2011-46359""}, {""abstract_available"": true, ""db"": ""crossref"", ""query"": ""ducted fan tip clearance ovality"", ""rank"": 5, ""source_id"": ""doi:10.1115/gt2011-46359""}]"
doi:10.1115/gt2018-76837,Non-Uniform Tip Clearance Effects on Turbocharger Compressor Performance,2018,https://doi.org/10.1115/gt2018-76837,"In most turbocharger compressors, diffusers a re designed with contractions along the passage mainly for delaying surge. The width ratio parameter, B, which defines the diffuser inlet width to diameter ratio significantly affects the losses in the diffuser. Changes to tip clearance, for example, due to the impeller rubbing the shroud casing changes the fluid flow angle at the impeller exit. The sensitivity of the absolute flow angle to the width ratio parameter has a significant influence on diffuser effectiveness and stage performance. This paper reports an investigation of tip clearance sensitivity to vaneless diffuser and stage performance of a turbocharger compressor. To assess the correlation between performance parameters and the tip clearance, Design of Experiments (DoE) was used to sample 40 design cases by changing the clearance at the leading (LE) and trailing edges (TE) of the impeller. Parameters correlation was subsequently used to determine their relationship. The key findings were that stage efficiency and pressure ratio increased linearly with decreasing LE and TE clearances having a maximum sensitivity value R = 0.7. Diffuser Cp showed a strong positive correlation for TE and a weak negative correlation for LE. Similarly, work input and diffuser loss coefficient showed an inverse relation to diffuser Cp with a maximum R value of 0.9. It was concluded that increasing the tip clearance at TE improves the diffuser effectiveness. The main source of low diffuser C",7,False,UNSCREENED,"[{""abstract_available"": true, ""db"": ""crossref"", ""query"": ""ducted fan non-uniform tip clearance experimental"", ""rank"": 11, ""source_id"": ""doi:10.1115/gt2018-76837""}, {""abstract_available"": true, ""db"": ""crossref"", ""query"": ""non-axisymmetric tip clearance rotor performance"", ""rank"": 35, ""source_id"": ""doi:10.1115/gt2018-76837""}]"
doi:10.1115/imece2016-66509,Numerical Investigation of Effects of Non-Uniform Tip Clearance on Flow Field Inside a Turbine Cascade,2016,https://doi.org/10.1115/imece2016-66509,"In the unshrouded axial turbine, the tip clearances can result in the loss of turbine efficiency and the penalty of turbine performance. Therefore, investigating the blade tip geometry of improving the turbine performance has a great significance. This paper is to study the effects of non-uniform tip clearance on the flow field in a turbine cascade. The numerical works are performed at the incidence angle of 0 degree and the exit Reynolds number of 1.7 × 105 based on the blade chord. In the investigations, the flat tip (Basic) geometry was employed as a benchmark, and three different tip geometries, including the pressure side squealer (PSQ), suction side squealer (SSQ) and grooved tip (Grooved), were studied. The tip clearances are all specified as 1.18% of the chord. The squealer height is set to 2.94% of the chord. The endwall static pressure, tip leakage loss, flow capacity and the development of tip leakage vortex are discussed. And the numerical results show that the grooved tip which can obtain the least total pressure loss, is helpful to smooth the pressure change from pressure side to suction side and suppress the intensity of tip leakage vortex. The tip clearance flow in the pre semi-passage is mainly involved in the passage vortex, and in the post semi-passage it is added to the tip leakage vortex. Compared with the Basic, PSQ and SSQ tips, the Grooved tip contributes to reducing the tip leakage flow and the tip leakage loss. And the leakage flow can be strengthene",7,False,UNSCREENED,"[{""abstract_available"": true, ""db"": ""crossref"", ""query"": ""ducted fan non-uniform tip clearance experimental"", ""rank"": 14, ""source_id"": ""doi:10.1115/imece2016-66509""}]"
doi:10.1117/12.903907,Turbine blade tip clearance measurements using skewed dual optical beams of tip timing,2011,https://doi.org/10.1117/12.903907,,7,False,UNSCREENED,"[{""abstract_available"": false, ""db"": ""crossref"", ""query"": ""tip clearance optical capacitive measurement fan blade"", ""rank"": 32, ""source_id"": ""doi:10.1117/12.903907""}]"
doi:10.2139/ssrn.6535738,Mechanisms of Critical Tip Clearance on Aerodynamic and Aeroacoustic Performance of Electric Ducted Fan Propulsor,2026,https://doi.org/10.2139/ssrn.6535738,"The tip clearance (TC) between the rotor blade and duct wall is inevitable for electric ducted fans (EDFs). This paper employs Large Eddy Simulation (LES) combined with the Ffowcs Williams-Hawkings (FW-H) acoustic analogy to explore the effects of varying TCs on the aerodynamic and aeroacoustic performance of an EDF. We find that the critical TCs for aerodynamic and aeroacoustic performance are 1% and 3% of the chord length of blade tip, respectively. Interestingly, zero clearance below the critical value yields a 2.8% decrease in total thrust, a 2.9% decrease in isentropic efficiency and a 2.9 dB rise in average overall sound pressure level (OASPL). The essential mechanism is that the critical TC emerges primarily from the evolution of tip-region vortex structures. Reducing TC effectively suppresses the tip leakage vortex (TLV), mitigates flow mixing and turbulent dissipation in the tip region, thus improving aerodynamic performance and reducing noise radiation. However, when TC is smaller than the critical value, the rotor tip-duct wall boundary layer interaction is intensified. Subsequently, it induces the formation of a tip trailing-edge vortex (TTEV) and causes tip flow blockage, lip acceleration zone contraction, and separation zone expansion. This ultimately degrades aerodynamic performance and increases broadband noise. This study demonstrates that the critical TC arises from the trade-off between two competing effects: the beneficial suppression of tip leakage flow, ",7,False,UNSCREENED,"[{""abstract_available"": true, ""db"": ""crossref"", ""query"": ""ducted fan non-uniform tip clearance experimental"", ""rank"": 5, ""source_id"": ""doi:10.2139/ssrn.6535738""}, {""abstract_available"": true, ""db"": ""crossref"", ""query"": ""ducted fan tip clearance ovality"", ""rank"": 1, ""source_id"": ""doi:10.2139/ssrn.6535738""}]"
doi:10.3389/fphy.2022.1036485,Dynamic and high-speed measurement system for blade tip clearance of engine with optical comb,2022,https://doi.org/10.3389/fphy.2022.1036485,"For blade tip clearance measurement, the optical measurement method has the characteristics of high precision, anti-electromagnetic interference, and non-contact measurement. A dynamic and high-speed blade tip clearance measurement system based on time stretch dispersive Fourier transform with the optical comb is proposed and demonstrated. The dynamic experiments are designed to verify the accuracy of the system. The results show that the measuring speed is up to 17.6 MHz and the measurement errors are less than 1 μm under dynamic conditions. The experiments prove that the system has the advantages of high measurement accuracy, high speed, and good repeatability. It can provide a new tool for engine health monitoring.",7,False,UNSCREENED,"[{""abstract_available"": true, ""db"": ""crossref"", ""query"": ""tip clearance optical capacitive measurement fan blade"", ""rank"": 29, ""source_id"": ""doi:10.3389/fphy.2022.1036485""}]"
doi:10.3390/s24185938,Numerical Investigation on the Influence of Turbine Rotor Parameters on the Eddy Current Sensor for the Dynamic Blade Tip Clearance Measurement,2024,https://doi.org/10.3390/s24185938,,7,False,UNSCREENED,"[{""abstract_available"": false, ""db"": ""openalex"", ""query"": ""tip clearance optical capacitive measurement fan blade"", ""rank"": 14, ""source_id"": ""doi:10.3390/s24185938""}, {""abstract_available"": false, ""db"": ""openalex"", ""query"": ""non-axisymmetric tip clearance rotor performance"", ""rank"": 26, ""source_id"": ""doi:10.3390/s24185938""}]"
doi:10.4050/vfs-f66-000338,Influence of Tip Clearance and Inlet Flow Distortion on Ducted Fan Performance in VTOL UAVs,2010,https://doi.org/10.4050/vfs-f66-000338,"Ducted fan vertical take-off and landing (VTOL) uninhabited aerial vehicles (UAV) are popular because they offer higher disk loading compared to open rotors and improve propulsive performance. Although ducted fans provide high performance in many VTOL applications, there are still unresolved problems associated with them especially in the forward flight mode. The main problems in these applications are distortion of inlet flow due to forward flight and tip leakage related problems in hover and forward flight modes. The present experimental study mainly uses total pressure measurements downstream of a ducted fan rotor to investigate the performance drop in hover and forward flight condition related with these problems. Tip leakage flow related total pressure losses are dominant in hover condition. Losses are dramatically increased in forward flight due to inlet lip separation and inlet flow distortion. For a better comparison of the tip clearance effects in forward flight, a new parameter named as ""Forward flight penalty"" is defined. In addition to comprehensive aerodynamic loss measurements downstream of the rotor, the paper also discusses the results from the early stage of a computational study aiming to calculate the 3D turbulent viscous flow in and around the ducted fan.",7,False,UNSCREENED,"[{""abstract_available"": true, ""db"": ""crossref"", ""query"": ""ducted fan non-uniform tip clearance experimental"", ""rank"": 8, ""source_id"": ""doi:10.4050/vfs-f66-000338""}, {""abstract_available"": true, ""db"": ""crossref"", ""query"": ""ducted fan tip clearance ovality"", ""rank"": 2, ""source_id"": ""doi:10.4050/vfs-f66-000338""}]"
doi:10.1016/j.ast.2024.109457,Impact of non-axisymmetric tip clearance on the aerodynamic and aeroelastic stabilities of a transonic compressor,2024,https://doi.org/10.1016/j.ast.2024.109457,,6,False,UNSCREENED,"[{""abstract_available"": false, ""db"": ""openalex"", ""query"": ""non-axisymmetric tip clearance rotor performance"", ""rank"": 4, ""source_id"": ""doi:10.1016/j.ast.2024.109457""}]"
doi:10.1016/j.cja.2022.09.012,New model-based method for aero-engine turbine blade tip clearance measurement,2022,https://doi.org/10.1016/j.cja.2022.09.012,,6,False,UNSCREENED,"[{""abstract_available"": false, ""db"": ""openalex"", ""query"": ""ducted fan non-uniform tip clearance experimental"", ""rank"": 5, ""source_id"": ""doi:10.1016/j.cja.2022.09.012""}, {""abstract_available"": false, ""db"": ""openalex"", ""query"": ""tip clearance optical capacitive measurement fan blade"", ""rank"": 3, ""source_id"": ""doi:10.1016/j.cja.2022.09.012""}, {""abstract_available"": false, ""db"": ""openalex"", ""query"": ""non-axisymmetric tip clearance rotor performance"", ""rank"": 11, ""source_id"": ""doi:10.1016/j.cja.2022.09.012""}]"
doi:10.1016/j.measurement.2025.117103,Improved installation method for Skewed-Dual-Light-Probe (SDLP) in blade tip clearance measurement,2025,https://doi.org/10.1016/j.measurement.2025.117103,,6,False,UNSCREENED,"[{""abstract_available"": false, ""db"": ""crossref"", ""query"": ""tip clearance optical capacitive measurement fan blade"", ""rank"": 26, ""source_id"": ""doi:10.1016/j.measurement.2025.117103""}]"
doi:10.1063/1.4879569,On the development of a magnetoresistive sensor for blade tip timing and blade tip clearance measurement systems,2014,https://doi.org/10.1063/1.4879569,,6,False,UNSCREENED,"[{""abstract_available"": false, ""db"": ""crossref"", ""query"": ""tip clearance optical capacitive measurement fan blade"", ""rank"": 10, ""source_id"": ""doi:10.1063/1.4879569""}]"
doi:10.1063/5.0223835,The investigation on vortex breakdown prior to stall in a compressor rotor with non-uniform tip clearance,2024,https://doi.org/10.1063/5.0223835,"Pre-stall disturbances and rotating instability (RI) are two typical phenomena observed in axial compressors prior to stall. In this study, experimental measurements and numerical simulations were employed to investigate the relationship between pre-stall disturbances and RI and their physical mechanisms in an axial compressor rotor with a non-uniform tip clearance gap. A post phase-locking technique was used in analyses of pressure fluctuations in the blade tip region. The resulting power spectrum estimation indicated that pre-stall disturbances shared the same frequency characteristics as RI, but differed in their spatial distribution. Pre-stall disturbances were the result of the upstream migration of RI. Numerical simulation results, validated by experimental measured distribution of pressure fluctuations, showed that the tip leakage vortex originating from the large blade tip clearance underwent a spiral-type breakdown, which was the originating mechanism of RI. When the back flow vortex generated by breakdown encountered the blade leading edge due to throttling, pre-stall disturbances were detected at the blade leading edge.",6,False,UNSCREENED,"[{""abstract_available"": true, ""db"": ""crossref"", ""query"": ""ducted fan non-uniform tip clearance experimental"", ""rank"": 36, ""source_id"": ""doi:10.1063/5.0223835""}]"
doi:10.1109/icsens.2012.6411229,New microwave sensing system for blade tip clearance measurement in gas turbines,2012,https://doi.org/10.1109/icsens.2012.6411229,,6,False,UNSCREENED,"[{""abstract_available"": false, ""db"": ""crossref"", ""query"": ""tip clearance optical capacitive measurement fan blade"", ""rank"": 33, ""source_id"": ""doi:10.1109/icsens.2012.6411229""}]"
doi:10.1115/1.2817068,Capacitive Measurement of Compressor and Turbine Blade Tip to Casing Running Clearance,1997,https://doi.org/10.1115/1.2817068,"It is an established fact that the efficiency of a gas turbine engine has an inverse relationship with the clearance between the rotor blades and the casing (Tip Clearance, or TC). TC is an essential measurement during the testing of development engines. While commercial TC measurement systems are available, their applicability to an engine is dictated by engine size, geometry, physical accessibility, and temperature distribution around the measurement region. This paper describes the development of a TC measurement system, based on the capacitive measurement principle, which was undertaken to satisfy the application requirements of a specific class of gas turbine engines. The requirements included a relatively long and flexible cable to route the electrical signals out of the engine. The TC measurement system was successfully used during engine testing and valuable data were obtained.",6,False,UNSCREENED,"[{""abstract_available"": true, ""db"": ""crossref"", ""query"": ""tip clearance optical capacitive measurement fan blade"", ""rank"": 14, ""source_id"": ""doi:10.1115/1.2817068""}]"
doi:10.1115/1.4026805,Unsteady Analysis on the Effects of Tip Clearance Height on Hot Streak Migration Across Rotor Blade Tip Clearance,2014,https://doi.org/10.1115/1.4026805,"This paper presents an investigation on the hot streak migration across rotor blade tip clearance in a high pressure gas turbine with different tip clearance heights. The blade geometry is taken from the first stage of GE-E3 turbine engine. Three tip clearances, 1.0%, 1.5%, and 2.5% of the blade span with a flat tip were investigated, respectively, and the uniform and nonuniform inlet temperature profiles were taken as the inlet boundary conditions. A new method for heat transfer coefficient calculation recommended by Maffulli and He has been adopted. By solving the unsteady compressible Reynolds-averaged Navier–Stokes equations, the time dependent solutions were obtained. The results indicate that the large tip clearance intensifies the leakage flow, increases the hot streak migration rate, and aggravates the heat transfer environment on the blade tip. However, the reverse secondary flow dominated by the relative motion of casing is insensitive to the change of tip clearance height. Attributed to the high-speed rotation of rotor blade and the low pressure difference between both sides of blade, a reverse leakage flow zone emerges over blade tip near trailing edge. Because it is possible for heat transfer coefficient distributions to be greatly different from heat flux distributions, it becomes of great concern to combine both of them in consideration of hot streak migration. To eliminate the effects of blade profile variation due to twist along the blade span on the aerother",6,False,UNSCREENED,"[{""abstract_available"": true, ""db"": ""crossref"", ""query"": ""non-axisymmetric tip clearance rotor performance"", ""rank"": 29, ""source_id"": ""doi:10.1115/1.4026805""}]"
doi:10.1115/87-gt-229,A Trade-Off Study of Rotor Tip Clearance Flow in a Turbine/Exhaust Diffuser System,1987,https://doi.org/10.1115/87-gt-229,"In a modern gas turbine power plant, the axial exhaust diffuser accounts for up to 10% of the generator power. An unshrouded rotor, due to its highly energetic tip clearance flow, improves the pressure recovery characteristic of the exhaust diffuser, while the power production within the blading suffers a loss as a result of the tip leakage flow. In this paper, these conflicting trends are thermodynamically investigated and nondimensional expressions are derived which facilitate the task of a gas turbine system designer. Conservatively, 1% thermal efficiency gain results from elimination of the last rotor tip clearance flow. The corresponding increase in thermal efficiency of a modern gas turbine power plant due to enhanced diffuser pressure recovery is less than one percent.",6,False,UNSCREENED,"[{""abstract_available"": true, ""db"": ""crossref"", ""query"": ""non-axisymmetric tip clearance rotor performance"", ""rank"": 34, ""source_id"": ""doi:10.1115/87-gt-229""}]"
doi:10.1115/94-gt-363,The Effect of Tip Clearance on a Swept Transonic Compressor Rotor,1994,https://doi.org/10.1115/94-gt-363,"An experimental and numerical investigation of detailed tip clearance flow structures and their effects on the aerodynamic performance of a modern low-aspect-ratio, high-through-flow, axial transonic fan is presented. Rotor flow fields were investigated at two clearance levels experimentally, at tip clearance to tip blade chord ratios of 0.27 and 1.87 percent, and at four clearance levels numerically, at ratios of zero, 0.27, 1.0, and 1.87 percent. The numerical method seems to calculate the rotor aerodynamics well, with some disagreement in loss calculation which might be improved with improved turbulence modeling and a further refined grid. Both the experimental and the numerical results indicate that the performance of this class of rotors is dominated by the tip clearance flows. Rotor efficiency drops six points when the tip clearance is increased from 0.27 to 1.87 percent, and flow range decreases about 30 percent. No optimum clearance size for the present rotor was indicated. Most of the efficiency change occurs near the tip section, with the interaction between the tip clearance flow and the passage shock becoming much stronger when the tip clearance is increased. In all cases, the shock structure was three-dimensional and swept, with the shock becoming normal to the endwall near the shroud.",6,False,UNSCREENED,"[{""abstract_available"": true, ""db"": ""crossref"", ""query"": ""non-axisymmetric tip clearance rotor performance"", ""rank"": 39, ""source_id"": ""doi:10.1115/94-gt-363""}]"
doi:10.1115/94-gt-479,Effect of Axially Non-Uniform Rotor Tip Clearance on the Performance of a High Speed Axial Flow Compressor Stage,1994,https://doi.org/10.1115/94-gt-479,"An axially non-uniform type of rotor tip clearance was conceived and tried on a single stage compressor. This concept is based on the advantages of a smaller tip clearance in the front portion of the blade and a larger clearance in the rear portion which allows a higher tip leakage flow to interact with the passage secondary flow, casing wall boundary layer, separated flow on the blade suction surface and the scraping vortex, which are more prominent at the rear portion of the blade. Experimental results indicated that an axially non-uniform clearance can provide improved performance of a compressor stage. Providing the tip clearance in the compressor casing instead of at the blade tip indicated certain advantages. An ‘optimum’ value of rotor tip clearance was noticed for this compressor stage, both for axially uniform and axially non-uniform clearance.",6,False,UNSCREENED,"[{""abstract_available"": true, ""db"": ""crossref"", ""query"": ""ducted fan non-uniform tip clearance experimental"", ""rank"": 16, ""source_id"": ""doi:10.1115/94-gt-479""}, {""abstract_available"": true, ""db"": ""crossref"", ""query"": ""non-axisymmetric tip clearance rotor performance"", ""rank"": 3, ""source_id"": ""doi:10.1115/94-gt-479""}]"
doi:10.1115/96-gt-349,Capacitive Measurement of Compressor and Turbine Blade Tip to Casing Running Clearance,1996,https://doi.org/10.1115/96-gt-349,"It is an established fact that the efficiency of a gas turbine engine has an inverse relationship with the clearance between the rotor blades and the casing (Tip Clearance, or TC). TC is an essential measurement during the testing of development engines. While commercial TC measurement systems are available, their applicability to an engine is dictated by engine size, geometry, physical accessibility and temperature distribution around the measurement region.
               This paper describes the development of a TC measurement system, based on the capacitive measurement principle, which was undertaken to satisfy the application requirements of a specific class of gas turbine engines. The requirements included a relatively long and flexible cable to route the electrical signals out of the engine. The TC measurement system was successfully used during engine testing and valuable data were obtained.",6,False,UNSCREENED,"[{""abstract_available"": true, ""db"": ""crossref"", ""query"": ""tip clearance optical capacitive measurement fan blade"", ""rank"": 9, ""source_id"": ""doi:10.1115/96-gt-349""}]"
doi:10.1115/gt2007-27393,Turbine Blade Tip Clearance Measurement Instrumentation,2007,https://doi.org/10.1115/gt2007-27393,"New and future gas turbine engines are being required to provide greater thrust with improved efficiency, while simultaneously reducing life cycle operating costs. Improved component capabilities enable active control methods to provide better control of engine operation with reduced margin. One area of interest is a means to assess the relative position of rotating machinery in real-time, in particular hot section turbo machinery. To this end, Hamilton Sundstrand is working to develop a real-time means to monitor blade position relative to the engine static structure. This approach may yield other engine operating characteristics useful in assessing component health, specifically measuring blade tip clearance, time-of-arrival, and other parameters. UTC is leveraging its many years of experience with engine control systems to develop a microwave-based sensing device, applicable to both military and commercial engines. The presentation will discuss a hot section engine demonstration of a blade position monitoring system and the control system implications posed by a microwave-based solution. Considerations necessary to implement such a system and the challenges associated with integrating a microwave-based sensor system into an engine control system are discussed.",6,False,UNSCREENED,"[{""abstract_available"": true, ""db"": ""crossref"", ""query"": ""tip clearance optical capacitive measurement fan blade"", ""rank"": 18, ""source_id"": ""doi:10.1115/gt2007-27393""}]"
doi:10.1115/gt2013-95255,Unsteady Analysis on the Effects of Tip Clearance Height on Hot Streak Migration Across Rotor Blade Tip Clearance,2013,https://doi.org/10.1115/gt2013-95255,"This paper presents an investigation on the hot streak migration across rotor blade tip clearance in a high pressure gas turbine with different tip clearance heights. The blade geometry is taken from the first stage of GE-E3 turbine engine. Three tip clearances, 1.0%, 1.5% and 2.5% of the blade span with a flat tip were investigated respectively, and the uniform and non-uniform inlet temperature profiles were taken as the inlet boundary conditions. By solving the unsteady compressible Reynolds-averaged Navier-Stokes equations, the time dependent solutions were obtained. The results indicate that the large tip clearance intensifies the leakage flow, increases the hot streak migration rate, and aggravates the heat transfer environment on blade tip. However, the reverse secondary flow dominated by the relative motion of casing is insensitive to the change of tip clearance height. Attributed to the high-speed rotation of rotor blade and the low pressure difference between both sides of blade, a reverse leakage flow zone emerges over blade tip near trailing edge. To eliminate the effects of blade profile variation due to twist along the blade span on the aerothermal performance in tip clearance, the tested rotor (straight) blade and the original rotor (twisted) blade of GE-E3 first stage with the same tip profile are compared in this paper.",6,False,UNSCREENED,"[{""abstract_available"": true, ""db"": ""crossref"", ""query"": ""ducted fan tip clearance ovality"", ""rank"": 39, ""source_id"": ""doi:10.1115/gt2013-95255""}, {""abstract_available"": true, ""db"": ""crossref"", ""query"": ""tip clearance optical capacitive measurement fan blade"", ""rank"": 40, ""source_id"": ""doi:10.1115/gt2013-95255""}, {""abstract_available"": true, ""db"": ""crossref"", ""query"": ""non-axisymmetric tip clearance rotor performance"", ""rank"": 10, ""source_id"": ""doi:10.1115/gt2013-95255""}]"
doi:10.1115/gt2017-63980,Investigation on the Turbine Blade Tip Clearance Measurement and Active Clearance Control Based on Eddy Current Pulse-Trigger Method,2017,https://doi.org/10.1115/gt2017-63980,"Blade tip clearance (BTC) measurement and active clearance control (ACC) have been and continue to be a fundamental concern in turbomachinery, which are closely bound up with the efficiency and reliability. This paper addresses the BTC measurement and ACC experimental study based on eddy current pulse-trigger method (ECPTM). And the implementation of ACC by axial displacement of the blisk is novel and this paper is the first to present the technique. The purpose of this paper is three fold. The first portion of this paper addresses the BTC measurement in different rotating speeds based on the larger scale rig, where a high-bandwidth (100 kHz) eddy current sensor (HECS) is employed. The results show that the relative errors of BTC values are not much bigger than 20%. The result indicates that ECPTM is more generally applicable in the condition where the eddy current sensor (ECS) is insufficient sampling caused by the limit of narrow bandwidth, especially under the high linear velocity condition. The second portion of this paper describes the ACC system where an electro-hydraulic proportional position control system (EHPPCS) is employed as the actuator. EHPPCS has the advantages of small size, fast response, resistance to load stiffness, large output and simple operation, which is widely applicable to the automatic control system of industrial power. This system optimizes the geometry shapes of casing and the blade tips to create a linear relationship of BTC values related to t",6,False,UNSCREENED,"[{""abstract_available"": true, ""db"": ""crossref"", ""query"": ""tip clearance optical capacitive measurement fan blade"", ""rank"": 25, ""source_id"": ""doi:10.1115/gt2017-63980""}]"
doi:10.1117/1.oe.51.8.081514,Turbine blade tip clearance measurement using a skewed dual-beam fiber optic sensor,2012,https://doi.org/10.1117/1.oe.51.8.081514,,6,False,UNSCREENED,"[{""abstract_available"": false, ""db"": ""crossref"", ""query"": ""tip clearance optical capacitive measurement fan blade"", ""rank"": 8, ""source_id"": ""doi:10.1117/1.oe.51.8.081514""}]"
doi:10.1155/2011/516128,Blade by Blade Tip Clearance Measurement,2011,https://doi.org/10.1155/2011/516128,"This paper describes a capacitance-based tip clearance measurement system which engineers have used in the most demanding turbine test applications. The capacitance probe has survived extended use in a major European gas turbine manufacturer's high-temperature demonstrator unit, where it functioned reliably at a turbine entry temperature in excess of 1800 degrees Kelvin. This paper explores blade by blade tip clearance measurement techniques and examines probe performance under laboratory conditions in support of high-temperature installations. The paper outlines the blade by blade tip clearance measurement technique and describes the experimental facility used to study tip clearance measurement. The paper also fully describes the method used to calibrate the measurement system in order to ascertain measurement accuracy. The paper clarifies how the practical problems were overcome associated with making blade by blade tip clearance measurements in both compressor and turbine environments. Since its initial development, gas turbine development programmes have routinely used the clearance measurement system. The inherent robustness of the system has resulted in reliable in-service measurement of clearance in real world applications.",6,False,UNSCREENED,"[{""abstract_available"": true, ""db"": ""crossref"", ""query"": ""tip clearance optical capacitive measurement fan blade"", ""rank"": 21, ""source_id"": ""doi:10.1155/2011/516128""}]"
doi:10.1177/09576509211047002,Some effects of non-axisymmetric tip clearance layout on axial compressor aerodynamics,2021,https://doi.org/10.1177/09576509211047002,,6,False,UNSCREENED,"[{""abstract_available"": false, ""db"": ""openalex"", ""query"": ""non-axisymmetric tip clearance rotor performance"", ""rank"": 3, ""source_id"": ""doi:10.1177/09576509211047002""}]"
doi:10.2139/ssrn.4536337,Numerical Investigate on the Influence of Non-Uniform Tip Clearance on Rotor Tip Clearance Flow Filed Structure,2023,https://doi.org/10.2139/ssrn.4536337,,6,False,UNSCREENED,"[{""abstract_available"": false, ""db"": ""crossref"", ""query"": ""ducted fan non-uniform tip clearance experimental"", ""rank"": 2, ""source_id"": ""doi:10.2139/ssrn.4536337""}, {""abstract_available"": false, ""db"": ""crossref"", ""query"": ""ducted fan tip clearance ovality"", ""rank"": 40, ""source_id"": ""doi:10.2139/ssrn.4536337""}, {""abstract_available"": false, ""db"": ""crossref"", ""query"": ""non-axisymmetric tip clearance rotor performance"", ""rank"": 2, ""source_id"": ""doi:10.2139/ssrn.4536337""}]"
doi:10.2139/ssrn.4811593,Impact of Non-Axisymmetric Tip Clearance on the Aerodynamic and Aeroelastic Stabilities of a Transonic Compressor,2024,https://doi.org/10.2139/ssrn.4811593,,6,False,UNSCREENED,"[{""abstract_available"": false, ""db"": ""crossref"", ""query"": ""non-axisymmetric tip clearance rotor performance"", ""rank"": 11, ""source_id"": ""doi:10.2139/ssrn.4811593""}]"
doi:10.2139/ssrn.4853205,Blade Tip Clearance Measurement Method Based on Blade Tip Timing Without the Once Per Revolution Sensor,2024,https://doi.org/10.2139/ssrn.4853205,,6,False,UNSCREENED,"[{""abstract_available"": false, ""db"": ""crossref"", ""query"": ""tip clearance optical capacitive measurement fan blade"", ""rank"": 4, ""source_id"": ""doi:10.2139/ssrn.4853205""}]"
doi:10.2139/ssrn.5773472,Tip-induced shock wave for desensitization of flow behavior to circumferentially non-uniform variations of tip clearance in a transonic compressor rotor,2025,https://doi.org/10.2139/ssrn.5773472,,6,False,UNSCREENED,"[{""abstract_available"": false, ""db"": ""crossref"", ""query"": ""ducted fan non-uniform tip clearance experimental"", ""rank"": 17, ""source_id"": ""doi:10.2139/ssrn.5773472""}, {""abstract_available"": false, ""db"": ""crossref"", ""query"": ""non-axisymmetric tip clearance rotor performance"", ""rank"": 14, ""source_id"": ""doi:10.2139/ssrn.5773472""}]"
doi:10.2322/tjsass.60.1,The Effect of Tip Clearance on Performance of a Counter-Rotating Ducted Fan in a VTOL UAV,2017,https://doi.org/10.2322/tjsass.60.1,,6,True,UNSCREENED,"[{""abstract_available"": false, ""db"": ""crossref"", ""query"": ""ducted fan non-uniform tip clearance experimental"", ""rank"": 28, ""source_id"": ""doi:10.2322/tjsass.60.1""}, {""abstract_available"": false, ""db"": ""crossref"", ""query"": ""ducted fan tip clearance ovality"", ""rank"": 11, ""source_id"": ""doi:10.2322/tjsass.60.1""}]"
doi:10.2514/6.1999-2134,Time-of-flight tip-clearance measurements,1999,https://doi.org/10.2514/6.1999-2134,,6,False,UNSCREENED,"[{""abstract_available"": false, ""db"": ""openalex"", ""query"": ""tip clearance optical capacitive measurement fan blade"", ""rank"": 8, ""source_id"": ""doi:10.2514/6.1999-2134""}]"
doi:10.2514/6.2003-4767,Modeling Performance of Turbines at Large Tip Clearance of Unshrouded Rotor Cascades,2003,https://doi.org/10.2514/6.2003-4767,,6,False,UNSCREENED,"[{""abstract_available"": false, ""db"": ""crossref"", ""query"": ""non-axisymmetric tip clearance rotor performance"", ""rank"": 31, ""source_id"": ""doi:10.2514/6.2003-4767""}]"
doi:10.2514/6.2018-4437,Numerical Investigation of Effects of Tip Clearance in Shrouded Turbine Rotor Blade Performance,2018,https://doi.org/10.2514/6.2018-4437,,6,False,UNSCREENED,"[{""abstract_available"": false, ""db"": ""crossref"", ""query"": ""non-axisymmetric tip clearance rotor performance"", ""rank"": 19, ""source_id"": ""doi:10.2514/6.2018-4437""}]"
doi:10.2514/6.2018-4437.c1,Correction: Numerical Investigation of Effects of Tip Clearance in Shrouded Turbine Rotor Blade Performance,2018,https://doi.org/10.2514/6.2018-4437.c1,,6,False,UNSCREENED,"[{""abstract_available"": false, ""db"": ""crossref"", ""query"": ""non-axisymmetric tip clearance rotor performance"", ""rank"": 26, ""source_id"": ""doi:10.2514/6.2018-4437.c1""}]"
doi:10.3390/app14010254,Synchronous Vibration Parameter Recognition of Constant-Speed Blades Based on Blade Tip Clearance Measurement,2023,https://doi.org/10.3390/app14010254,,6,False,UNSCREENED,"[{""abstract_available"": false, ""db"": ""openalex"", ""query"": ""tip clearance optical capacitive measurement fan blade"", ""rank"": 21, ""source_id"": ""doi:10.3390/app14010254""}]"
doi:10.3390/s16111897,Tip-Clearance Measurement in the First Stage of the Compressor of an Aircraft Engine,2016,https://doi.org/10.3390/s16111897,,6,False,UNSCREENED,"[{""abstract_available"": false, ""db"": ""openalex"", ""query"": ""tip clearance optical capacitive measurement fan blade"", ""rank"": 4, ""source_id"": ""doi:10.3390/s16111897""}]"
doi:10.3390/s25103145,Experimental Verification of High-Temperature Resistance and High Resolution of Inductive Tip Clearance Measurement System,2025,https://doi.org/10.3390/s25103145,,6,False,UNSCREENED,"[{""abstract_available"": false, ""db"": ""openalex"", ""query"": ""tip clearance optical capacitive measurement fan blade"", ""rank"": 23, ""source_id"": ""doi:10.3390/s25103145""}]"
doi:10.3390/s26103101,Ceramic-Integrated Eddy Current Sensor for Blade Tip Clearance Measurement: Design and Performance Evaluation,2026,https://doi.org/10.3390/s26103101,,6,False,UNSCREENED,"[{""abstract_available"": false, ""db"": ""openalex"", ""query"": ""tip clearance optical capacitive measurement fan blade"", ""rank"": 49, ""source_id"": ""doi:10.3390/s26103101""}]"
doi:10.5139/jksas.2013.41.7.516,Study on Tip Clearance Effect of a Counter-Rotating Ducted Fan for VTOL UAV,2013,https://doi.org/10.5139/jksas.2013.41.7.516,,6,False,UNSCREENED,"[{""abstract_available"": false, ""db"": ""crossref"", ""query"": ""ducted fan non-uniform tip clearance experimental"", ""rank"": 40, ""source_id"": ""doi:10.5139/jksas.2013.41.7.516""}, {""abstract_available"": false, ""db"": ""crossref"", ""query"": ""ducted fan tip clearance ovality"", ""rank"": 16, ""source_id"": ""doi:10.5139/jksas.2013.41.7.516""}]"
doi:10.6112/kscfe.2023.28.4.106,COMPUTATIONAL ANALYSIS OF TIP CLEARANCE EFFECT ON AERODYNAMIC AND ACOUSTIC PERFORMANCE OF THE DUCTED FAN,2023,https://doi.org/10.6112/kscfe.2023.28.4.106,,6,False,UNSCREENED,"[{""abstract_available"": false, ""db"": ""crossref"", ""query"": ""ducted fan non-uniform tip clearance experimental"", ""rank"": 33, ""source_id"": ""doi:10.6112/kscfe.2023.28.4.106""}, {""abstract_available"": false, ""db"": ""crossref"", ""query"": ""ducted fan tip clearance ovality"", ""rank"": 13, ""source_id"": ""doi:10.6112/kscfe.2023.28.4.106""}]"
doi:10.1007/s11630-010-0007-7,Experimental study of effects of one kind of tangentially non-uniform tip clearance on the flow field at an exit of a compressor cascade passage,2010,https://doi.org/10.1007/s11630-010-0007-7,,5,False,UNSCREENED,"[{""abstract_available"": false, ""db"": ""crossref"", ""query"": ""ducted fan non-uniform tip clearance experimental"", ""rank"": 26, ""source_id"": ""doi:10.1007/s11630-010-0007-7""}]"
doi:10.1007/s11630-022-1729-z,Experimental Research on Inlet Steady Swirl Distortion in an Axial Compressor with Non-Uniform Tip Clearance,2022,https://doi.org/10.1007/s11630-022-1729-z,,5,False,UNSCREENED,"[{""abstract_available"": false, ""db"": ""crossref"", ""query"": ""ducted fan non-uniform tip clearance experimental"", ""rank"": 18, ""source_id"": ""doi:10.1007/s11630-022-1729-z""}]"
doi:10.1016/j.apor.2011.07.002,Numerical investigation on the performance of Wells turbine with non-uniform tip clearance for wave energy conversion,2011,https://doi.org/10.1016/j.apor.2011.07.002,,5,False,UNSCREENED,"[{""abstract_available"": false, ""db"": ""crossref"", ""query"": ""ducted fan non-uniform tip clearance experimental"", ""rank"": 39, ""source_id"": ""doi:10.1016/j.apor.2011.07.002""}]"
doi:10.1016/j.ast.2026.111933,Effects of different non-uniform tip clearance layouts on compressor performance and flowfield characteristics,2026,https://doi.org/10.1016/j.ast.2026.111933,,5,False,UNSCREENED,"[{""abstract_available"": false, ""db"": ""crossref"", ""query"": ""ducted fan non-uniform tip clearance experimental"", ""rank"": 29, ""source_id"": ""doi:10.1016/j.ast.2026.111933""}]"
doi:10.1016/j.enconman.2019.112186,Effect of rotor tip clearance on the aerodynamic performance of an aerofoil-based ducted wind turbine,2019,https://doi.org/10.1016/j.enconman.2019.112186,,5,False,UNSCREENED,"[{""abstract_available"": false, ""db"": ""crossref"", ""query"": ""ducted fan non-uniform tip clearance experimental"", ""rank"": 35, ""source_id"": ""doi:10.1016/j.enconman.2019.112186""}, {""abstract_available"": false, ""db"": ""crossref"", ""query"": ""ducted fan tip clearance ovality"", ""rank"": 14, ""source_id"": ""doi:10.1016/j.enconman.2019.112186""}, {""abstract_available"": false, ""db"": ""crossref"", ""query"": ""non-axisymmetric tip clearance rotor performance"", ""rank"": 38, ""source_id"": ""doi:10.1016/j.enconman.2019.112186""}]"
doi:10.1088/1742-6596/2707/1/012005,Effects of tip clearance on non-synchronous aerodynamic excitation of compressor rotor blades,2024,https://doi.org/10.1088/1742-6596/2707/1/012005,"Abstract
               The unstable tip flow of compressor rotor may cause the aeroelastic problems, inducing the non-synchronous vibration with high amplitude level, which has a significant effect on blade high cycle fatigue and safety. In order to investigate the effects of tip clearance on non-synchronous aerodynamic excitation of compressor rotor blades, the full annular numerical simulations were conducted for the unsteady flow field of a 1.5-stage compressor under near stall conditions. The frequency characteristics of non-synchronous aerodynamic excitation and tip unstable flow structure were analysed for different tip clearances (0.5%C, 1.0%C, 2.0%C, and 3.0%C). The results showed that the frequency and amplitude are strongly influenced by the tip clearance size. For 0.5%C tip clearance, the main frequency of non-synchronous aerodynamic excitation is the low-frequency aerodynamic excitation frequency, which is mainly caused by tornado-like vortex in the tip suction side, the dominant aerodynamic disturbance mode number is 19. For 2.0%C and 3.0%C tip clearance, the dominant aerodynamic disturbance mode number is 47, and the main aerodynamic excitation frequency is high frequency non-synchronous aerodynamic excitation frequency, mainly caused by the shedding vortices propagating circumferentially at the blade tip, exhibiting the feature of “rotating instability”.",5,False,UNSCREENED,"[{""abstract_available"": true, ""db"": ""crossref"", ""query"": ""non-axisymmetric tip clearance rotor performance"", ""rank"": 37, ""source_id"": ""doi:10.1088/1742-6596/2707/1/012005""}]"
doi:10.1109/ieeeconf38699.2020.9389439,Tip clearance influence on pressure fluctuation of a composite ducted propeller using two-way FSI method,2020,https://doi.org/10.1109/ieeeconf38699.2020.9389439,,5,False,UNSCREENED,"[{""abstract_available"": false, ""db"": ""crossref"", ""query"": ""ducted fan tip clearance ovality"", ""rank"": 19, ""source_id"": ""doi:10.1109/ieeeconf38699.2020.9389439""}]"
doi:10.1115/1.1359212,An Aerodynamic Shroud for Automotive Cooling Fans,2000,https://doi.org/10.1115/1.1359212,"Results from an experimental investigation of an aerodynamic fan shroud are reported. The device was motivated by the relatively large (2.5 cm) tip clearance required in automotive cooling fans which are mounted to the engine. The shroud consists of a pressurized plenum and a Coanda attachment surface to deliver a jet of high momentum air into the tip clearance region. Both the performance and the efficiency for the initial system design were enhanced at higher flow rates, and degraded at lower flow rates. A small tuft was used to observe qualitative flow features in the near wake and tip clearance region of the fan. This information was used to create a modified design. The new geometry was tested and found to provide improved performance characteristics for a wider range of flow rate conditions.",5,False,UNSCREENED,"[{""abstract_available"": true, ""db"": ""crossref"", ""query"": ""segmented shroud rotor duct seam aerodynamic"", ""rank"": 39, ""source_id"": ""doi:10.1115/1.1359212""}]"
doi:10.1115/1.1574822,Effect of Unsteady Stator Wake—Rotor Double-Leakage Tip Clearance Flow Interaction on Time-Average Compressor Performance,2003,https://doi.org/10.1115/1.1574822,"A study has been conducted, using unsteady three-dimensional Reynolds-averaged Navier-Stokes simulations to determine the impact on rotor performance of the interaction between upstream (steady defect and time-varying defect) stator wakes and rotor tip clearance flow. The key effects of the interaction between steady stator wakes and rotor tip clearance flow are: 1) a decrease in loss and blockage associated with tip clearance flow; 2) an increase in passage static pressure rise. Performance benefit is seen in the operability range from near design to high loading. The benefit is modest near design and increases with loading. Significant beneficial changes due to the stator-rotor interaction occur when the phenomenon of tip clearance flow double-leakage is present. Double-leakage occurs when the tip clearance flow passes through the tip gap of the adjacent blade. It is detrimental for compressor performance. The effect of strong stator-rotor interaction is to suppress double-leakage on a time-average basis. Double-leakage typically takes place at high loading but can be present at design condition as well, for modern highly loaded compressor. A benefit due to unsteady interaction is also observed in the operability range of the rotor. A new generic causal mechanism is proposed to explain the observed changes in performance. It identifies the interaction between the tip clearance flow and the pressure pulses, induced on the rotor blade pressure surface by the upstream wakes, a",5,False,UNSCREENED,"[{""abstract_available"": true, ""db"": ""crossref"", ""query"": ""non-axisymmetric tip clearance rotor performance"", ""rank"": 36, ""source_id"": ""doi:10.1115/1.1574822""}]"
doi:10.1115/gt2004-53408,The Aerodynamic Interaction of Tip Leakage and Mainstream Flows in a Fully-Ducted Axial Fan,2004,https://doi.org/10.1115/gt2004-53408,"The three dimensional structures of the blade tip vortical flow field is herein discussed for an axial fan in a fully-ducted configuration. The investigation has been carried-out using an accurate in-house developed multi-level parallel finite element RANS solver, with the adoption of a non-isotropic two-equation turbulence closure. Due to the fully-ducted configuration the fan has a complex vortical flow field near the rotor tip. The tip clearance flows have been detected for operating conditions near peak efficiency and near stall, with multiple vortex formations being identified in both cases. The nature of the flow mechanisms in the fan tip region is correlated to the specific blade design features that promote reduced aerodynamic noise. It was found that the blade lean at the higher radii attenuates the sensitivity to leakage flow effects. Consequently, the rotor operates efficiently and with nearly unchanged noise emission approaching its throttling limit. The rotor loss behaviour, within the passage and downstream of it, is also discussed at both near design and part-load conditions.",5,False,UNSCREENED,"[{""abstract_available"": true, ""db"": ""crossref"", ""query"": ""ducted fan tip clearance ovality"", ""rank"": 26, ""source_id"": ""doi:10.1115/gt2004-53408""}]"
doi:10.1115/gt2015-42133,Effects of Nonuniform Tip Clearance on Fan Performance and Flow Field,2015,https://doi.org/10.1115/gt2015-42133,"Nonuniform tip clearance, caused by the deformation of the casing (casing ovalization), exists in all fans to some extent. However, description of the flow behavior with this kind of nonuniform clearance is seldom given in the open literature. In this paper, both steady and unsteady calculations are performed to study the influence of the nonuniform clearance on fan performance and flow field. The investigation method is based on three dimensional RANS equations, carried out by the ANSYS CFX fluid solver. A new factor τ, which is in the range of 0 to 1, is defined to represent the nonuniformity of the tip clearance. A series of numerical models with different tip clearance nonuniformities τ are investigated. In addition, the original, uniform tip clearance is also performed serving as a reference. The results indicate that the fan performance is mainly affected by two factors: the clearance nonuniformity τ and the average clearance level. There is a clear decreasing trend of the fan performance with increasing nonuniformity and average tip clearance level. The maximum clearance can contribute to the reduction of stall margin. Furthermore, the effects of nonuniform clearance on tip leakage vortex and aerodynamic force are also discussed in detail. The deformation of the casing can affect the pressure fluctuation and thus increase the amplitude of the aerodynamic force.",5,False,UNSCREENED,"[{""abstract_available"": true, ""db"": ""crossref"", ""query"": ""ducted fan tip clearance ovality"", ""rank"": 32, ""source_id"": ""doi:10.1115/gt2015-42133""}]"
doi:10.1115/gt2015-43753,Experimental Investigation of Unsteady Tip Clearance Flow in a Counter-Rotating Fan,2015,https://doi.org/10.1115/gt2015-43753,"In this paper, both static and dynamic experiments were conducted on a low speed counter-rotating axial fan (CRAF) to investigate its stall process. The casing pressures adjacent to the rotor tip clearance were recorded using arrays of dynamic transducers along the chordwise and circumferential directions. Special chokes were installed at the input and output of the frequency controller to suppress the electromagnetism interference, and digital filters were designed to select the desired components. The frequency spectrum analysis shows that the frequencies of the stall inception and the fully developed stall cells are not exactly the same with the value of 46% and 50% of the rotor rotational frequency. Conclusions can be drawn from the wavelet analysis that the stall inception of the CRAF turns out to be modal inception, and the stall firstly occurs on the second rotor. The propagation of stall cells is shown in the time domain map which indicates that only one stall cell exists.",5,False,UNSCREENED,"[{""abstract_available"": true, ""db"": ""crossref"", ""query"": ""ducted fan non-uniform tip clearance experimental"", ""rank"": 34, ""source_id"": ""doi:10.1115/gt2015-43753""}]"
doi:10.1115/tbts2013-2034,Experimental and Unsteady Numerical Investigation of the Tip Clearance Noise of an Axial Fan,2013,https://doi.org/10.1115/tbts2013-2034,"The aerodynamic and aeroacoustic performance of axial fans are strongly affected by the unavoidable tip clearance. Two identical fan impellers but with different tip clearance ratio were investigated. Unsteady wall pressure fluctuations in the tip region of the rotating blades and on the interior wall of the duct type shroud and the overall sound radiated were analysed by an unsteady numerical Scale-Adaptive Simulation (SAS) and unsteady surface pressure measurements in both, the stationary and rotating system. Based on SAS-predicted pressure fluctuations on the blade surfaces the acoustic analogy according to Ffowcs Williams and Hawkings (FWH) was employed to calculate the sound pressure in the far field.
               In general, experimentally and numerically determined unsteady flow were found to be a tendentially good agreement. The spatial and temporal structure of the tip vortex system and the resulting unsteady pressure distribution on the surfaces in the vicinity of the blade tips was revealed in good detail. The vortices’ strength and trajectories as well as the unsteadiness are controlled by the size of the tip clearance and the operating point: As tip clearance is increased blade/vortex interaction becomes more prevalent and with it the unsteady surface pressure and eventually the sound radiated into the far field. The broadband tip clearance noise was acceptably predicted from the simulation results, while the prediction at discrete frequency should still be imp",5,False,UNSCREENED,"[{""abstract_available"": true, ""db"": ""crossref"", ""query"": ""ducted fan non-uniform tip clearance experimental"", ""rank"": 13, ""source_id"": ""doi:10.1115/tbts2013-2034""}, {""abstract_available"": true, ""db"": ""crossref"", ""query"": ""ducted fan tip clearance ovality"", ""rank"": 15, ""source_id"": ""doi:10.1115/tbts2013-2034""}, {""abstract_available"": true, ""db"": ""crossref"", ""query"": ""tip clearance optical capacitive measurement fan blade"", ""rank"": 15, ""source_id"": ""doi:10.1115/tbts2013-2034""}]"
doi:10.1115/tbts2013-2040,Effect of Common Blade Tip Squealer Designs in Terms of Tip Clearance Loss Control,2013,https://doi.org/10.1115/tbts2013-2040,"The increase of new gas turbine’s efficiency is connected with further rise of turbine inlet temperature and sometimes as well pressure. In these conditions, first cooled turbine stages of a gas turbine engine usually consist of freestanding airfoils, which do not use an integrated shroud, to avoid risk of shroud overheating. In order to better control the radial gap leakage flow between the rotating blade tip and turbine casing, special design features of the airfoil tip need to be considered in the design process to meet the best possible stage performance. In the general engineering practice, a blade tip squealer provides opportunities to control tip clearance loss. In this paper several simplified types of the tip squealer design are investigated to determine the most effective loss control. At this stage of the investigation, blade tip cooling was not taken into account, but aerodynamic effects were analysed in detail. Based on the most common designs of the blade tip in the literature, four geometry types were investigated: (i) a flat tip design as the reference baseline solution, (ii) full tip squealer, (iii) partial squealer along the pressure side (PS) wall with a cut-out at the pressure side near the trailing edge (TE) and (iv) partial squealer along the suction side (SS) wall with a cut-out at the suction side near TE. All these cases have been compared among each other for two relative radial gaps (gap to blade height) of 0.6% and 1.36%. The flow calculations were",5,False,UNSCREENED,"[{""abstract_available"": true, ""db"": ""crossref"", ""query"": ""tip clearance optical capacitive measurement fan blade"", ""rank"": 24, ""source_id"": ""doi:10.1115/tbts2013-2040""}]"
doi:10.1299/kikai1938.32.1691,"On the Characteristics of Wing with Tip Clearance : 1st Report, The Influences of the Wing-Tip Clearance Contained within a Non-Uniform Flow",1966,https://doi.org/10.1299/kikai1938.32.1691,,5,False,UNSCREENED,"[{""abstract_available"": false, ""db"": ""crossref"", ""query"": ""ducted fan non-uniform tip clearance experimental"", ""rank"": 25, ""source_id"": ""doi:10.1299/kikai1938.32.1691""}]"
doi:10.14710/kapal.v21i3.64772,The Effect of Tip Clearance Kaplan Ducted Propeller in Offshore Supply Vessel (OSV) on Hydrodynamics,2024,https://doi.org/10.14710/kapal.v21i3.64772,"A ducted propeller is a modification of a propeller by adding a duct or nozzle. The purpose of using a ducted propeller is to increase thrust, increase propeller efficiency, and encourage better ship movement. This is suitable for Offshore Supply Vessel (OSV) vessels operating on offshore platforms to support oil drilling activities. In designing a kort nozzle, one of the most important components is the tip clearance, the distance between the edge of the propeller and the inner nozzle. The diameter of the kort nozzle can affect the thrust efficiency of the propeller. Due to the blade momentum theory for ducted propellers, the volume of water passing through the propeller should be as large as possible, with the smallest possible flow velocity. In this study, numerical simulations using the Computational Fluid Dynamics (CFD) method were carried out to determine the effect of tip clearance on thrust and torque on a ducted propeller with a MARIN foil 19A nozzle type and tip clearance of 10 mm, 20 mm, and 30 mm. From all models, the highest thrust and torque values were obtained from the nozzle 19A tip clearance 10 mm model with thrust 367,413 kN and torque 315,338 kNm. The relationship between tip clearance and thrust is inversely proportional; the greater the tip clearance, the smaller the value of thrust, and the same is true with torque.",5,False,UNSCREENED,"[{""abstract_available"": true, ""db"": ""crossref"", ""query"": ""ducted fan tip clearance ovality"", ""rank"": 22, ""source_id"": ""doi:10.14710/kapal.v21i3.64772""}]"
doi:10.1515/ijnaoe-2015-0056,Numerical investigation of tip clearance effects on the performance of ducted propeller,2015,https://doi.org/10.1515/ijnaoe-2015-0056,,5,False,UNSCREENED,"[{""abstract_available"": false, ""db"": ""crossref"", ""query"": ""ducted fan tip clearance ovality"", ""rank"": 23, ""source_id"": ""doi:10.1515/ijnaoe-2015-0056""}]"
doi:10.1515/tjj-2023-0063,Numerical investigation of tip clearance flow in a variable geometry turbine with non-uniform partial clearance,2023,https://doi.org/10.1515/tjj-2023-0063,"Abstract
               In variable geometry turbine vanes, tip clearance height and shape vary with the rotation of the vane, which affect the aerodynamic performance significantly. However, these issues are rarely considered in published studies. The current paper investigated the flow field features of transonic variable geometry turbine vanes with non-uniform partial clearance induced by the vane rotating. The results show that: The influence of guide vane rotation on the clearance height and its distribution cannot be ignored. At the same turning angle, the maximum clearance difference is up to 0.79 mm (0.8 % vane height). The height and shape variation of the non-uniform clearance leads to the change in the leakage flow rate, secondary flow structure, and aerodynamic loss of the variable guide vane. Under the combined effect of pressure difference on both sides of the clearance, axial and circumferential non-uniformity of clearance height, the total pressure loss coefficient is up to 9.44 % when the turning angle is −10°. The effect of the pivot on the clearance flow was also analyzed. The pivot increases the pressure in the gap flow field and reduces leakage flow velocity. However, a backflow region appears at the suction side of the pivot, which increases the aerodynamic losses.",5,False,UNSCREENED,"[{""abstract_available"": true, ""db"": ""crossref"", ""query"": ""ducted fan non-uniform tip clearance experimental"", ""rank"": 22, ""source_id"": ""doi:10.1515/tjj-2023-0063""}]"
doi:10.2139/ssrn.4738015,Hovering Efficiency Optimization of Ducted Propeller with Large Blade Tip Clearance Based on Grooved Duct Configuration,2024,https://doi.org/10.2139/ssrn.4738015,,5,False,UNSCREENED,"[{""abstract_available"": false, ""db"": ""crossref"", ""query"": ""ducted fan non-uniform tip clearance experimental"", ""rank"": 30, ""source_id"": ""doi:10.2139/ssrn.4738015""}, {""abstract_available"": false, ""db"": ""crossref"", ""query"": ""ducted fan tip clearance ovality"", ""rank"": 12, ""source_id"": ""doi:10.2139/ssrn.4738015""}]"
doi:10.2514/6.1987-2701,Ducted fan noise propagation in non-uniform flow. I - Test background and simplified model,1987,https://doi.org/10.2514/6.1987-2701,,5,False,UNSCREENED,"[{""abstract_available"": false, ""db"": ""crossref"", ""query"": ""ducted fan non-uniform tip clearance experimental"", ""rank"": 12, ""source_id"": ""doi:10.2514/6.1987-2701""}]"
doi:10.2514/6.1987-2702,Ducted fan noise propagation in non-uniform flow. II - Wave equationsolution,1987,https://doi.org/10.2514/6.1987-2702,,5,False,UNSCREENED,"[{""abstract_available"": false, ""db"": ""crossref"", ""query"": ""ducted fan non-uniform tip clearance experimental"", ""rank"": 6, ""source_id"": ""doi:10.2514/6.1987-2702""}]"
doi:10.4028/www.scientific.net/amr.889-890.374,Influence of Finite Tip Clearance on the Tip Flow Characteristics of Ducted Propeller,2014,https://doi.org/10.4028/www.scientific.net/amr.889-890.374,"The influence of finite tip clearances on the tip flow characteristics, as well as pressure distribution on blade surface near the tip and open water performance of ducted propeller 19A/Ka4-55 model is studied in this paper. It is discovered that tip leakage vortex (TLV for short) disappears when clearance size reduces to a certain extent (0.08% of the propeller radius in this model). The decreasing of tip clearance size also leads to increasing efficiency and better cavitation performance. Besides, variation of thrust and torque coefficient with clearance size show stepped shape instead of linear.",5,False,UNSCREENED,"[{""abstract_available"": true, ""db"": ""crossref"", ""query"": ""ducted fan non-uniform tip clearance experimental"", ""rank"": 15, ""source_id"": ""doi:10.4028/www.scientific.net/amr.889-890.374""}, {""abstract_available"": true, ""db"": ""crossref"", ""query"": ""ducted fan tip clearance ovality"", ""rank"": 7, ""source_id"": ""doi:10.4028/www.scientific.net/amr.889-890.374""}]"
doi:10.47176/jafm.17.8.2371,Fast-moving Mesh Method and Its Application to Circumferential Non-uniform Tip Clearance in a Single-stage Turbine,2024,https://doi.org/10.47176/jafm.17.8.2371,,5,False,UNSCREENED,"[{""abstract_available"": false, ""db"": ""crossref"", ""query"": ""ducted fan non-uniform tip clearance experimental"", ""rank"": 20, ""source_id"": ""doi:10.47176/jafm.17.8.2371""}]"
doi:10.5293/kfma.2026.29.1.072,Effect of Tip Clearance on Aeroacoustic Noise and Aerodynamic Performance of Ducted Propeller,2026,https://doi.org/10.5293/kfma.2026.29.1.072,,5,False,UNSCREENED,"[{""abstract_available"": false, ""db"": ""crossref"", ""query"": ""ducted fan tip clearance ovality"", ""rank"": 37, ""source_id"": ""doi:10.5293/kfma.2026.29.1.072""}]"
doi:10.5957/jsr.1979.23.4.253,A Model of an Axisymmetrical Ducted Propeller with Zero Tip Clearance,1979,https://doi.org/10.5957/jsr.1979.23.4.253,"This paper is concerned with the case of a propeller working inside a symmetrical duct of finite length, zero thickness, zero camber and zero tip clearance. The propeller is modeled by the well-known Lerbs lifting-line theory while its radial circulation distribution is represented by a double Fourier series which allows for a nonzero circulation to occur at the blade tip. At the same time the duct circulation is considered to vary axially and circumferentially, which results in a system of longitudinal vortex filaments shed from each point on the duct surface. A comparison is made between the present method and the more sophisticated Tachmindji potential theory and the agreement is very good. Comparison is also made between the ducted and free-running (open) propeller.",5,False,UNSCREENED,"[{""abstract_available"": true, ""db"": ""crossref"", ""query"": ""ducted fan non-uniform tip clearance experimental"", ""rank"": 19, ""source_id"": ""doi:10.5957/jsr.1979.23.4.253""}, {""abstract_available"": true, ""db"": ""crossref"", ""query"": ""ducted fan tip clearance ovality"", ""rank"": 8, ""source_id"": ""doi:10.5957/jsr.1979.23.4.253""}]"
doi:10.5957/pss-1978-011,Propeller-Duct Interaction Due to Loading and Thickness Effects,1978,https://doi.org/10.5957/pss-1978-011,"The unsteady lifting surface theory has been utilized in the study of the hydrodynamic interaction of a propeller and enshrouding nozzle when both lifting surfaces are immersed in a non-uniform inf low field (hull wake). The actual geometry of propeller and enshrouding duct, including their thicknesses, camber distributions and the conicity angle of the duct are taken into account. A numerical ana lysis and corresponding computer program have also been developed, adaptable to a high-speed digital computer furnishing information about the steady and time-dependent pressure (loading) distributions on both lifting surfaces and the resulting hydrodynamic forces and moments generated by this propulsive device.",5,False,UNSCREENED,"[{""abstract_available"": true, ""db"": ""crossref"", ""query"": ""foldable duct propeller rotor"", ""rank"": 32, ""source_id"": ""doi:10.5957/pss-1978-011""}]"
doi:10.5957/pss-1997-17,Implementation of a Special Procedure for Modeling the Tip Clearance Flow in a Panel Method for Ducted Propulsors,1997,https://doi.org/10.5957/pss-1997-17,"A special procedure is presented to account for the influence of the flow through the tip gap of a ducted propulsor when the analysis of the ducted propulsor is performed using a boundary element method. Boundary element methods or panel methods have achieved a high /eve/ of refinement over the past decade and are now commonly used in the design and analysis of propulsors, including ducted propulsors. These methods have difficulty, however, directly representing the flow through the gap region between the tip of the propeller and the duct, which can significantly affect the prediction of the overall circulation and forces on both the duct and propeller. The method presented in this paper does not attempt to predict the details of the flow in the tip clearance region, but rather accounts for the effects of the gap flow on the global flow solution in order to obtain a more accurate prediction of the circulation and forces on the duel and propeller.",5,False,UNSCREENED,"[{""abstract_available"": true, ""db"": ""crossref"", ""query"": ""ducted fan non-uniform tip clearance experimental"", ""rank"": 23, ""source_id"": ""doi:10.5957/pss-1997-17""}, {""abstract_available"": true, ""db"": ""crossref"", ""query"": ""ducted fan tip clearance ovality"", ""rank"": 10, ""source_id"": ""doi:10.5957/pss-1997-17""}]"
doi:10.1016/j.proeng.2011.08.182,An optical fiber Blade Tip Clearance Sensor for Active Clearance Control Applications,2011,https://doi.org/10.1016/j.proeng.2011.08.182,,4,False,UNSCREENED,"[{""abstract_available"": false, ""db"": ""crossref"", ""query"": ""tip clearance optical capacitive measurement fan blade"", ""rank"": 20, ""source_id"": ""doi:10.1016/j.proeng.2011.08.182""}]"
doi:10.1109/oceans.2014.7003053,Study on the transit efficiency for hybrid driven underwater gliders based on a foldable propeller,2014,https://doi.org/10.1109/oceans.2014.7003053,,4,False,UNSCREENED,"[{""abstract_available"": false, ""db"": ""crossref"", ""query"": ""foldable duct propeller rotor"", ""rank"": 18, ""source_id"": ""doi:10.1109/oceans.2014.7003053""}]"
doi:10.1115/1.0002990v,Periodic Unsteadiness of Tip Clearance Vortex in an Axial Compressor Rotor,2021,https://doi.org/10.1115/1.0002990v,,4,False,UNSCREENED,"[{""abstract_available"": false, ""db"": ""crossref"", ""query"": ""ducted fan tip clearance ovality"", ""rank"": 18, ""source_id"": ""doi:10.1115/1.0002990v""}, {""abstract_available"": false, ""db"": ""crossref"", ""query"": ""non-axisymmetric tip clearance rotor performance"", ""rank"": 25, ""source_id"": ""doi:10.1115/1.0002990v""}]"
doi:10.1115/1.1314609,Recommendations for Achieving Accurate Numerical Simulation of Tip Clearance Flows in Transonic Compressor Rotors,1999,https://doi.org/10.1115/1.1314609,,4,False,UNSCREENED,"[{""abstract_available"": false, ""db"": ""openalex"", ""query"": ""non-axisymmetric tip clearance rotor performance"", ""rank"": 1, ""source_id"": ""doi:10.1115/1.1314609""}]"
doi:10.1115/1.2841340,Dual-Laser Probe Measurement of Blade-Tip Clearance,1999,https://doi.org/10.1115/1.2841340,"This paper describes two dual-laser probe integrated fiber optic systems for measuring blade tip clearance in rotating turbomachinery. The probes are nearly flush with the casing inner lining, resulting in minimal flow disturbance. The two probes are closely spaced in a circumferential plane and are slanted at an angle relative to each other so that the blade tip traverse time of the space between the two laser beams varies with the tip radius, allowing determination of the tip clearance at the rotor operating conditions. The tip clearance can be obtained for all the blades in a rotor with a single system, provided there are no synchronous vibrations present at a particular operating condition. These probes were installed in two holders; one provided an included angle between the probes of 20 deg, and the other provided an included angle of 40 deg. The two configurations were calibrated in a vacuum spin rig facility that is capable of reproducing realistic blade tip speeds.",4,False,UNSCREENED,"[{""abstract_available"": true, ""db"": ""crossref"", ""query"": ""tip clearance optical capacitive measurement fan blade"", ""rank"": 34, ""source_id"": ""doi:10.1115/1.2841340""}]"
doi:10.1115/1.2927421,Effects of Tip Clearance of Nozzle Vanes on Performance of Radial Turbine Rotor,1990,https://doi.org/10.1115/1.2927421,"In radial turbines with variable nozzles, the flow downstream of the nozzles could be distorted by the leakage flow through the tip clearance of the upstream nozzle vanes. To investigate the effects of flow distortion on the performance of turbine rotors, two rotors with different numbers of blades were tested for three types of distorted velocity distribution at the rotor inlet. In the case of the 20-blade rotor with moderate blade loading, the flow distortion at the rotor inlet had a negligible effect on the rotor characteristics, and the measured data on the turbine performances agreed well with prediction. Predictions were made with a conventional one-dimensional flow model applied to the rotor flow, while a two-layer flow model was applied to the flow in the nozzle with clearance. In the case of the 10-blade rotor with heavy blade loading, however, the rotor performance was found to be sensitive to the inlet flow distortion and was considerably lower than the prediction.",4,False,UNSCREENED,"[{""abstract_available"": true, ""db"": ""crossref"", ""query"": ""non-axisymmetric tip clearance rotor performance"", ""rank"": 33, ""source_id"": ""doi:10.1115/1.2927421""}]"
doi:10.1115/1.4035521,Effects of Double-Leakage Tip Clearance Flow on the Performance of a Compressor Stage With a Large Rotor Tip Gap,2017,https://doi.org/10.1115/1.4035521,"Effects of a large rotor tip gap on the performance of a one and a half stage axial compressor are investigated in detail with a numerical simulation based on large eddy simulation (LES) and available particle image velocimetry (PIV) data. This paper studies the main flow physics, including why and how the loss generation is increased with the large rotor tip gap. The present study reveals that when the tip gap becomes large, tip clearance fluid goes over the tip clearance core vortex and enters into the next blade's tip gap, which is called double-leakage tip clearance flow. As the tip clearance flow enters into the adjacent blade's tip gap, a vortex rope with a lower pressure core is generated. This vortex rope breaks up the tip clearance core vortex of the adjacent blade, resulting in a large additional mixing. This double-leakage tip clearance flow occurs at all the operating conditions, from design flow to near stall condition, with the large tip gap for the current compressor stage. The double-leakage tip clearance flow, its interaction with the tip clearance core vortex of the adjacent blade, and the resulting large mixing loss are the main flow mechanism of the large rotor tip gap in the compressor. When the tip clearance is smaller, flow near the end wall follows more closely with the main passage flow and this double-leakage tip clearance flow does not happen near the design flow condition for the current compressor stage. When the compressor with a large tip gap op",4,False,UNSCREENED,"[{""abstract_available"": true, ""db"": ""crossref"", ""query"": ""non-axisymmetric tip clearance rotor performance"", ""rank"": 9, ""source_id"": ""doi:10.1115/1.4035521""}]"
doi:10.1115/1.4053597,Effect of Differential Tip Clearance on the Performance of a Tandem Rotor,2022,https://doi.org/10.1115/1.4053597,"Abstract
               Tandem blade is an interesting concept that promises a higher total pressure rise per stage. Owing to two separate tip leakage vortices and their interaction, losses are likely to increase particularly near the tip region. Although rotors are designed with optimum tip clearance, the clearance changes during engine operation as well as during its service life. In the case of tandem rotors, the forward and the aft rotors can have different tip clearances. This will also impact the performance of the stage. Six different tip clearances have been investigated. ANSYS CFX is used for steady RANS computational analysis. The results suggest that the performance of the tandem rotor is highly sensitive to the forward rotor tip clearance. Higher tip clearance adversely affects the total pressure rise and operation stability of the tandem rotor. At design mass flowrate, the performance degradation for tandem configuration with the higher tip clearance (Case2, Case 3, Case 5, and Case 6) is attributed to the vortex breakdown of TLV1, which leads to the sudden expansion of the blockage region near the rotor tip. Vortex breakdown primarily depends upon the swirling strength of TLV1 and TLV2 as well as on the adverse pressure gradient. Near the stall point, the role of the adverse pressure gradient becomes more dominant in the vortex breakdown.",4,False,UNSCREENED,"[{""abstract_available"": true, ""db"": ""crossref"", ""query"": ""non-axisymmetric tip clearance rotor performance"", ""rank"": 23, ""source_id"": ""doi:10.1115/1.4053597""}]"
doi:10.1115/79-gt-42,Effect of Rotor Tip Clearance and Configuration on Overall Performance of a 12.77-Centimeter Tip Diameter Axial-Flow Turbine,1979,https://doi.org/10.1115/79-gt-42,"An extensive experimental investigation was made to determine the effect of varying the rotor tip clearance of a 12.77-cm-tip diameter, single-stage, axial-flow reaction turbine. In this investigation, the rotor tip clearance was obtained by use of a recess in the casing above the rotor blades and also by use of a reduced blade height. For the recessed casing configuration, the optimum rotor blade height was found to be the one where the rotor tip diameter was equal to the stator tip diameter. The tip clearance loss associated with this optimum recessed casing configuration was less than that for the reduced blade height configuration.",4,False,UNSCREENED,"[{""abstract_available"": true, ""db"": ""crossref"", ""query"": ""non-axisymmetric tip clearance rotor performance"", ""rank"": 7, ""source_id"": ""doi:10.1115/79-gt-42""}]"
doi:10.1115/91-gt-083,The Role of Tip Clearance in High-Speed Fan Stall,1991,https://doi.org/10.1115/91-gt-083,"A numerical experiment has been carried out to define the near stall casing endwall flow field of a high-speed fan rotor. The experiment used a simulation code incorporating a simple clearance model, whose calibration is presented. The results of the simulation show that the interaction of the tip leakage vortex and the in-passage shock plays a major role in determining the fan flow range. More specifically, the computations imply that it is the area increase of this vortex as it passes through the in-passage shock, which is the source of the blockage associated with stall. In addition, for fans of this type, it is the clearance over the forward portion of the fan blade which controls the flow processes leading to stall.",4,False,UNSCREENED,"[{""abstract_available"": true, ""db"": ""crossref"", ""query"": ""ducted fan tip clearance ovality"", ""rank"": 27, ""source_id"": ""doi:10.1115/91-gt-083""}]"
doi:10.1115/94-gt-481,The Performance of a Low Speed One and a Half Stage Axial Turbine With Varying Rotor Tip Clearance and Tip Gap Geometry,1994,https://doi.org/10.1115/94-gt-481,"The performance of a low speed axial turbine followed by a second stage nozzle is measured with particular reference to the understanding of tip clearance effects in a real machine and to possible benefits of streamlined low loss rotor tips.
               A radiused pressure edge was found to improve the performance of b single stage and of a one and a half stage turbine at the small tip clearance levels for which the radius was selected. This is in contrast to cascade results where mixing loss reduced the benefits of such tips. Clearance gap flow appears therefore to be just like other turbine flow where the loss mechanism of separation must be avoided. Loss formation within and downstream of a rotor are more complex than previously realized and do not obey the simple rules that have been used to design for minimum tip clearance loss. For example, approximately 48% of the tip leakage mass flow within a rotor appears to be a flat wall jet rather than a wrapped up vortex.
               The second stage nozzle efficiency was found to be significantly higher than for the first stage and to even increase with tip clearance. This is a surprising result since it means that not only is there a reduction in secondary flow loss but also that rotor leakage and rotor secondary flows do not generate downstream mixing loss.",4,False,UNSCREENED,"[{""abstract_available"": true, ""db"": ""crossref"", ""query"": ""non-axisymmetric tip clearance rotor performance"", ""rank"": 8, ""source_id"": ""doi:10.1115/94-gt-481""}]"
doi:10.1115/96-gt-114,Calculation of Tip Clearance Effects in a Transonic Compressor Rotor,1996,https://doi.org/10.1115/96-gt-114,"The flow through the tip clearance region of a transonic compressor rotor (NASA rotor 37) was computed and compared to aerodynamic probe and laser anemometer data. Tip clearance effects were modeled both by gridding the clearance gap and by using a simple periodicity model across the ungridded gap. The simple model was run with both the full gap height, and with half the gap height to simulate a vena-contracta effect. Comparisons between computed and measured performance maps and downstream profiles were used to validate the models and to assess the effects of gap height on the simple clearance model. Recommendations were made concerning the use of the simple clearance model. Detailed comparisons were made between the gridded clearance gap solution and the laser anemometer data near the tip at two operating points. The computed results agreed fairly well with the data but overpredicted the extent of the casing separation and underpredicted the wake decay rate. The computations were then used to describe the interaction of the tip vortex, the passage shock, and the casing boundary layer.",4,False,UNSCREENED,"[{""abstract_available"": true, ""db"": ""crossref"", ""query"": ""non-axisymmetric tip clearance rotor performance"", ""rank"": 18, ""source_id"": ""doi:10.1115/96-gt-114""}]"
doi:10.1115/98-gt-366,Tip-Clearance and Secondary Flows in a Transonic Compressor Rotor,1998,https://doi.org/10.1115/98-gt-366,"The purpose of this paper is to numerically investigate tip-clearance and secondary flows in a transonic compressor rotor. The computational method used is based on the numerical integration of the Favre-Reynolds-averaged 3-D compressible Navier-Stokes equations, using the Launder-Sharma near-wall k-ε turbulence closure. In order to accurately describe the flowfield through the tip and its interaction with the main flow, a fine O-grid is used to discretize the tip-clearance-gap. A patched O-grid is used to discretize locally the mixing-layer region created between the jet-like flow through the gap and the main flow. An H-O-H grid is used for the computation of the main flow. In order to substantiate the validity of the results comparisons with experimental measurements are presented for the NASA_37 rotor near peak efficiency using 3 grids (of 106, 2 × 106, and 3 × 106 points, with 21, 31, and 41 radial stations within the gap respectively). The Launder-Sharma k-ε model underestimates the hub corner stall present in this configuration. The computational results are then used to analyze the interblade-passage secondary flows, the flow within the tip-clearance gap and the mixing downstream of the rotor. The computational results indicate the presence of an important leakage-interaction-region where the leakage-vortex after crossing the passage shock-wave mixes with the pressure-side secondary flows. A second trailing-edge-tip-vortex is also clearly visible.",4,False,UNSCREENED,"[{""abstract_available"": true, ""db"": ""crossref"", ""query"": ""non-axisymmetric tip clearance rotor performance"", ""rank"": 27, ""source_id"": ""doi:10.1115/98-gt-366""}]"
doi:10.1115/gt2007-28278,Effects of Steady Tip Clearance Asymmetry and Rotor Whirl on Stall Inception in an Axial Compressor,2007,https://doi.org/10.1115/gt2007-28278,,4,False,UNSCREENED,"[{""abstract_available"": false, ""db"": ""openalex"", ""query"": ""non-axisymmetric tip clearance rotor performance"", ""rank"": 2, ""source_id"": ""doi:10.1115/gt2007-28278""}]"
doi:10.1115/gt2009-59134,Non-Axisymmetric End Wall Profiling in Transonic Compressors—Part II: Design Study of a Transonic Compressor Rotor Using Non-Axisymmetric End Walls—Optimization Strategies and Performance,2009,https://doi.org/10.1115/gt2009-59134,"Secondary flows involving cross flow at high stage loading in modern axial compressors contribute significantly to efficiency limits. This paper summarizes an approach to control end wall flow using non-axisymmetric end walls. The challenge is to find the optimal non-axisymmetric end wall shape that results in the largest gain in performance. An automated multi-objective optimizer connected to a 3-D RANS flow solver was used to design the end wall contour. The process chain was applied to the rotor hub end wall of Configuration I of the Darmstadt Transonic Compressor. Several optimization strategies involving different objective functions to be minimized and the corresponding performances were compared. The parameters considered within the optimization process were isentropic stage efficiency, pressure loss in the rotor, throat area and secondary kinetic energy (SKE). A parameter variation was undertaken, leading to the following observations: Strong penalties on SKE at the rotor outlet and moderate penalties on isentropic efficiency, throat area and pressure ratio led to the best design. Isentropic efficiency could be raised by 0.12%, SKE at the rotor exit was reduced while the total pressure ratio of the stage remained constant. Strong penalties on efficiency and pressure ratio, a moderate one on throat area and a small one on SKE at the rotor outlet all led to a smaller increase in efficiency: 0.06%. On the other hand, a slight raise in the total pressure ratio could be ac",4,False,UNSCREENED,"[{""abstract_available"": true, ""db"": ""crossref"", ""query"": ""non-axisymmetric tip clearance rotor performance"", ""rank"": 28, ""source_id"": ""doi:10.1115/gt2009-59134""}]"
doi:10.1115/gt2011-45977,Aerodynamic and Aerothermal Investigation of the Flow Around an HPT Rotor Shroud: PIV Measurements,2011,https://doi.org/10.1115/gt2011-45977,"An experimental study has been conducted to investigate the aerothermal performance of a shrouded high pressure turbine blade in a large scale rotating rig. The rotor blade and the associated shroud and casing geometry have been modelled in a large scale low speed turbine rig that was designed to investigate a novel passive shroud cooling methodology. The objective of the present paper is to provide a detailed description of the flow field around the rotor blade shroud. The improved physical understanding of the shroud flow gained from this study will be used to analyse the aerothermal performance of the shroud cooling strategy as reported in a companion paper, Lehmann et al. [1]. Experiments have been carried out using endoscopic PIV to identify and understand salient flow features that exist upstream and downstream of the shroud as well as within the shroud cavities. The measurements are complemented by steady and unsteady numerical computations of the turbine stage. The study identifies the existence of important vortical structures within the shroud cavities that not only interact with the main passage flow but also modify the amount and distribution of the shroud leakage flow in a manner that has major implications for shroud cooling and heat transfer. A detailed shroud flow model is derived and used to elucidate the causes and consequences of the flow pattern observed. The model emphasises the circumferentially asymmetric nature of the cavity flow structures caused by t",4,False,UNSCREENED,"[{""abstract_available"": true, ""db"": ""crossref"", ""query"": ""segmented shroud rotor duct seam aerodynamic"", ""rank"": 1, ""source_id"": ""doi:10.1115/gt2011-45977""}]"
doi:10.1115/gt2011-45979,Aerodynamic and Aerothermal Investigation of the Flow Around an HPT Rotor Shroud: Heat Transfer and Cooling Effectiveness,2011,https://doi.org/10.1115/gt2011-45979,"An experimental study has been conducted to investigate the aerothermal performance of a shrouded high pressure turbine blade in a large scale rotating rig. The rotor blade and the associated shroud and casing geometry have been modelled in a large scale low speed turbine rig that was designed to investigate a novel passive shroud cooling methodology. The objective of the present paper is to describe the aerothermal performance of a passive shroud cooling strategy using measured heat transfer and adiabatic cooling effectiveness data. Improved physical understanding of the shroud aerodynamics as reported in the companion paper Lehmann et al. [1] will be used here to support the analysis. Highly resolved experimental heat transfer data was acquired on the shroud, the fins and on the shroud underside with the thin heater film method. The distribution of the adiabatic cooling effectiveness on the rotor shroud was measured with a combination of the Ammonia-Diazo and a foreign gas sampling technique. The measurements are complemented by steady numerical computations of the turbine stage. Due to the impact of vortical flow structures in the over shroud cavities, the Nusselt numbers on the shroud top surfaces were found to be of the same order as on the shroud underside. The passive shroud cooling concept was found to provide quite efficient and uniform cooling to the over-shroud surfaces while the distribution of coolant on the shroud underside was significantly affected by the roto",4,False,UNSCREENED,"[{""abstract_available"": true, ""db"": ""crossref"", ""query"": ""segmented shroud rotor duct seam aerodynamic"", ""rank"": 3, ""source_id"": ""doi:10.1115/gt2011-45979""}]"
doi:10.1115/gt2012-68148,Effects of Rotor Tip Clearance on Tip Clearance Flow Potentially Leading to NSV in an Axial Compressor,2012,https://doi.org/10.1115/gt2012-68148,"This paper investigates non-synchronous vibration (NSV) mechanism of a high-speed axial compressor with three different rotor tip clearances. Numerical simulations for 1/7th annulus periodic sector are performed using an unsteady Reynolds-averaged Navier-Stokes(URANS) solver with a fully conservative sliding boundary condition to capture wake unsteadiness between the rotor and stator blades. The simulated NSV shows that the frequency and amplitude are strongly influenced by the tip clearance size and shape. The predicted NSV frequency is in good agreement with the experiment. The maximum amplitude of the NSV occurs at about 78% span of the rotor suction leading edge regardless of tip clearance due to a strong interaction of incoming flow, tip leakage flow and tip vortex. The instability of tornado like tip vortex oscillating in streamwise direction appears to be the main cause of the NSV observed in this study.",4,False,UNSCREENED,"[{""abstract_available"": true, ""db"": ""crossref"", ""query"": ""non-axisymmetric tip clearance rotor performance"", ""rank"": 22, ""source_id"": ""doi:10.1115/gt2012-68148""}]"
doi:10.1115/gt2014-26084,Effect of Tip Clearance Size on the Ram-Rotor Performance,2014,https://doi.org/10.1115/gt2014-26084,"The ram-rotor presented by Ramgen Power Systems, Inc. is a new kind of compression system based on shock wave compression technology commonly used in supersonic intakes. Compared to conventional axial and centrifugal compressors, it has a simple and compact configuration, and also has advantages of the higher single stage pressure ratio, small volume and light weight. However, its efficiency should be further improved. Based on its inherent advantages, the ram-rotor can be widely used in small aero-engine, medium and small shipping power system, micro gas turbine employed by distributed energy system and power plant in the future. In this paper, the flow field and performance of a ram-rotor with different tip clearance sizes are simulated numerically by adopting the three dimensional Reynolds-averaged Navier-Stokes equations and the Spalart-Allmaras turbulent model at the design condition. The purpose of numerical simulation is to investigate the flow details and performance parameters of the ram-rotor under different tip clearance sizes, including the structure of the shock wave, the size and location of flow separation zone, radial distribution of flow parameters at the outlet of the ram-rotor, the characteristics of tip clearance leakage flow, and so on. It has been found that the performance of the ram-rotor is very sensitive to the tip clearance size. The overall performance parameters of the ram-rotor decrease greatly with the increase of the tip clearance size. So, the",4,False,UNSCREENED,"[{""abstract_available"": true, ""db"": ""crossref"", ""query"": ""non-axisymmetric tip clearance rotor performance"", ""rank"": 13, ""source_id"": ""doi:10.1115/gt2014-26084""}]"
doi:10.1115/gt2014-26879,The Study of Tip Clearance of a Wide-Chord Fan Blade of a High Bypass Ratio Turbo-Fan Engine,2014,https://doi.org/10.1115/gt2014-26879,"The wide-chord swept fan blade (WCSFB) has been extensively used in a advanced high bypass ratio turbofan engines. This paper explores the nature of WCSFB tip clearance. From the static analysis, it is found that the tip radial clearance at leading and trailing edge of WCSFB will be reduced with either bending or torsional deformation of the blade. And the change of the tip radial clearances varies with the twist angle.
               In this study, dynamic response of the WCSFB with different angular accelerations of the engine has been analyzed. It shows that when the angular acceleration of the fan rotor reaches a certain level, considerable bending and torsional deformation of the blade will occur, accompanied by the reduction of the tip radial clearance, which may lead to abnormal rubbing/impact between the blade tip and the casing. This may cause severe consequence for the blade and casing of the engine. The numerical simulation results show that the rubbing/impact between the WCSFB tip and the casing under angular acceleration loads can lead to local buckling of the tip leading edge of the blade, which will cause severe damage at the blade tip. Moreover, the influence of vibration and mass imbalance of the rotor on the fan blade tip clearance is also analyzed.
               In this paper, the results of a rig test under irregular acceleration for the WCSFB rotor is also presented, which validates the analytical results. The numerical simulation and test results will a",4,False,UNSCREENED,"[{""abstract_available"": true, ""db"": ""crossref"", ""query"": ""ducted fan tip clearance ovality"", ""rank"": 36, ""source_id"": ""doi:10.1115/gt2014-26879""}, {""abstract_available"": true, ""db"": ""crossref"", ""query"": ""tip clearance optical capacitive measurement fan blade"", ""rank"": 39, ""source_id"": ""doi:10.1115/gt2014-26879""}]"
doi:10.1115/gt2015-42625,Effects of Inlet Swirl on Hot Streak Migration Across Tip Clearance and Heat Transfer on Rotor Blade Tip,2015,https://doi.org/10.1115/gt2015-42625,"This paper presents an investigation on the hot streak migration across tip clearance and heat transfer on blade tip in a high pressure (HP) gas turbine with different inlet swirl directions and clocking positions. The geometry is taken from the first stage of GE-E3 turbine engine. Two swirl directions (positive and negative) and two circumferential clocking positions (aligning with S1 nozzle leading edge and mid passage) for inlet hot streak and swirl have been employed and investigated, respectively. Two cases with only hot streak at different inlet circumferential positions are adopted as the baseline in this study. By solving the unsteady compressible Reynolds-averaged Navier-Stokes equations, the time dependent solutions were obtained. The results indicate that the influence of inlet swirl on pressure distribution focuses on the suction side. Positive swirl attracts more hot fluid to the upper endwall, when it aligns with nozzle stator leading edge. Because of the squeezing mechanism between positive swirl and leakage flow, the heat transfer on rotor blade tip is more uniform. While negative swirl increases tip leakage flow and the heat load at the first half on tip surface. In all cases with swirl, the heat load at the second half on blade tip is effectively reduced, which is good for cooling rotor blade tip. If the stator is cooled effectively, inlet positive swirl aligning with nozzle vane leading edge will be the best choice for protecting rotor blade tip. By compari",4,False,UNSCREENED,"[{""abstract_available"": true, ""db"": ""crossref"", ""query"": ""non-axisymmetric tip clearance rotor performance"", ""rank"": 32, ""source_id"": ""doi:10.1115/gt2015-42625""}]"
doi:10.1115/gt2016-56050,Effects of Double-Leakage Tip Clearance Flow on the Performance of a Compressor Stage With a Large Rotor Tip Gap,2016,https://doi.org/10.1115/gt2016-56050,"Effects of a large rotor tip gap on the performance of a one and half stage axial compressor are investigated in detail with a numerical simulation based on LES and available PIV data. The current paper studies the main flow physics, including why and how the loss generation is increased with the large rotor tip gap. The present study reveals that when the tip gap becomes large, tip clearance fluid goes over the tip clearance core vortex and enters into the next blade’s tip gap, which is called double-leakage tip clearance flow. As the tip clearance flow enters into the adjacent blade’s tip gap, a vortex rope with a lower pressure core is generated. This vortex rope breaks up the tip clearance core vortex of the adjacent blade, resulting in a large additional mixing. This double-leakage tip clearance flow occurs at all operating conditions, from design flow to near stall condition, with the large tip gap for the current compressor stage. The double-leakage tip clearance flow, its interaction with the tip clearance core vortex of the adjacent blade, and the resulting large mixing loss are the main flow mechanism of the large rotor tip gap in the compressor. When the tip clearance is smaller, flow near the end wall follows more closely with the main passage flow and this double-leakage tip clearance flow does not happen near the design flow condition for the current compressor stage. When the compressor with a large tip gap operates at near stall operation, a strong vortex rope",4,False,UNSCREENED,"[{""abstract_available"": true, ""db"": ""crossref"", ""query"": ""non-axisymmetric tip clearance rotor performance"", ""rank"": 4, ""source_id"": ""doi:10.1115/gt2016-56050""}]"
doi:10.1115/gt2018-75270,Improvement of Steam Turbine Stage Efficiency by Controlling Rotor Shroud Leakage Flows: Part II — Effect of Axial Distance Between a Swirl Breaker and Rotor Shroud on Efficiency Improvement,2018,https://doi.org/10.1115/gt2018-75270,"The basic principle of a distinct idea to reduce an aerodynamic mixing loss induced by the difference in tangential velocity between mainstream flow and rotor shroud leakage flow is presented in “Part I – Design Concept and Typical Performance of a Swirl Breaker” The design concept offers an effective geometry for improving steam turbine stage efficiency. When the swirl breaker is installed in the circulating region of leakage flow at the rotor shroud exit cavity, the axial distance between the swirl breaker and rotor shroud is a crucial factor to trap the leakage flow into the swirl breaker cavity. In this Part II of the study, five cases of swirl breaker geometry with different axial distances between the swirl breaker and rotor shroud, which covered a range for the stage axial distance of actual high and intermediate (HIP) pressure steam turbines, were investigated using computational fluid dynamics (CFD) analysis and tests. Compared to a conventional single-stage CFD analysis, by conducting an additional single-rotor analysis with the modified shear stress transport (SST) model coefficient, the prediction accuracy for typical improvements in stage efficiency was increased in comparison to the single-stage analysis with the default SST model. Based on CFD results, the verification tests were conducted in a 1.5-stage air model turbine. By decreasing the axial distance between the swirl breaker and rotor shroud, the tangential velocity and the mixing region in the tip side w",4,False,UNSCREENED,"[{""abstract_available"": true, ""db"": ""crossref"", ""query"": ""segmented shroud rotor duct seam aerodynamic"", ""rank"": 8, ""source_id"": ""doi:10.1115/gt2018-75270""}]"
doi:10.1115/gt2019-91489,Tip-Shroud Labyrinth Seal Effect on the Flutter Stability of Turbine Rotor Blades,2019,https://doi.org/10.1115/gt2019-91489,"Abstract
               The effect of the tip-shroud seal on the flutter onset of a shrouded turbine rotor blade, representative of a modern gas turbine, is numerically tested and the contribution to the work-per-cycle of the aerofoil and the tip-shroud are clearly identified. The numerical simulations are conducted using a linearised frequency domain solver. The flutter stability of the shrouded rotor blade is evaluated for an edgewise mode and compared with the standard industrial approach of not including the tip-shroud cavity. It turns out that including the tip shroud significantly changes the stability prediction of the rotor blade. This is due to the fact that the amplitude of the unsteady pressure created in the inter-fin cavity, due to the motion of the airfoil, is much greater than that of the airfoil. It is concluded that the combined effect of the seal and its platform tends to stabilise the rotor blade for all the examined nodal diameters and reduced frequencies. Finally, the numerical results are shown to be consistent with those obtained using an analytical simplified model to account for the effect of the labyrinth seals.",4,False,UNSCREENED,"[{""abstract_available"": true, ""db"": ""crossref"", ""query"": ""segmented shroud rotor duct seam aerodynamic"", ""rank"": 40, ""source_id"": ""doi:10.1115/gt2019-91489""}]"
doi:10.1115/gt2020-15167,Periodic Unsteadiness of Tip Clearance Vortex in an Axial Compressor Rotor,2020,https://doi.org/10.1115/gt2020-15167,"Abstract
               A series of unsteady simulations, supported by experimental data, are used to characterize the periodic unsteadiness of the tip clearance vortex in an axial compressor rotor. The numerical probes detect significant periodic fluctuations in the blade tip region at near stall conditions. A reduced frequency at different condition is limited to a small range although there exist a large difference on the natural frequency. Physical explanations of the periodic fluctuations are made in terms of vortex-core identification, contour, etc. The nature of the periodic unsteadiness in the tip region is the periodic bubble-type breakdown of the tip leakage vortex induced by the broken vortex core generated by the previous breakdown. The life cycle of the broken vortex core can be summarized as three processes, generation, propagation and inducing breakdown of tip leakage vortex. The broken vortex core arrives at mid-chord of the adjacent blade, resulting in change of momentum in the tip clearance and pressure in the leading edge of the adjacent blade. The flow in this blade tip region is similarly affected by another adjacent blade. The tip leakage vortex core is bent, then the breakdown of tip clearance happens and a new broken vortex core appears accompanied by a back flow region.",4,False,UNSCREENED,"[{""abstract_available"": true, ""db"": ""crossref"", ""query"": ""ducted fan tip clearance ovality"", ""rank"": 28, ""source_id"": ""doi:10.1115/gt2020-15167""}]"
doi:10.1115/gt2021-59007,Effect of Differential Tip Clearance on the Performance of a Tandem Rotor,2021,https://doi.org/10.1115/gt2021-59007,"Abstract
               Tandem blade is an interesting concept that promises a higher total pressure rise per stage. Owing to two separate tip leakage vortices and their interaction, losses are likely to increase particularly near the tip region. Although, rotors are designed with optimum tip clearance, the clearance changes during engine operation as well as during its service life. In the case of tandem rotors, the forward and the aft rotors can have different tip clearances. This will also impact the performance of the stage. Six different tip clearances have been investigated. ANSYS CFX is used for steady RANS computational analysis. The results suggest that the performance of the tandem rotor is highly sensitive to the forward rotor tip clearance. Higher tip clearance adversely affects the total pressure rise and operation stability of the tandem rotor. At design mass flow rate, the performance degradation for tandem configuration with the higher tip clearance (Case2, Case 3, Case 5, and Case 6), is attributed to the vortex breakdown of TLV1, which leads to the sudden expansion of the blockage region near the rotor tip. Vortex breakdown primarily depends upon the swirling strength of TLV1 and TLV2 as well as on the adverse pressure gradient. Near the stall point, the role of the adverse pressure gradient becomes more dominant in the vortex breakdown.",4,False,UNSCREENED,"[{""abstract_available"": true, ""db"": ""crossref"", ""query"": ""non-axisymmetric tip clearance rotor performance"", ""rank"": 24, ""source_id"": ""doi:10.1115/gt2021-59007""}]"
doi:10.1115/gt2021-59899,Experimental Study on Different Tip Clearance of Low-Speed Axial Fan,2021,https://doi.org/10.1115/gt2021-59899,"Abstract
               Tip clearance flow is not only the source of undesirable noise but also a potential indicator for critical operating conditions with rotating stall or surge. It can induce blade vibration, which would cause premature blade failure when the vibration is strong enough. The paper presents experimental studies on the effects of tip clearance on the stall inception process in a low-speed high-load single stage fan with different tip clearance. From the point of view of flow range, it has been proved by computations that there is an optimal gap value, and an explanation is given according to different stall mechanisms of large and small tip clearance. However, the experiment of no tip clearance is not easy to achieve. In this experiment, a wearable soft wall casing was used to achieve “zero clearance”, and an explicit conclusion was obtained. The pressure rise and efficiency are improved at small tip clearance. Instantaneous Casing Pressure Field Measurement was carried out: instantaneous casing pressure fields were measured by 9 high response pressure transducers mounted on the casing wall. At the near stall point with large tip clearance, a narrow band increase of the amplitudes in the frequency spectrum at roughly half of the blade passing frequency can be observed according to the spectrum of static pressure at points on the endwall near the leading-edge and above the rotor. This phenomenon was explained from two aspects: tip clearance flow structure and",4,False,UNSCREENED,"[{""abstract_available"": true, ""db"": ""crossref"", ""query"": ""ducted fan non-uniform tip clearance experimental"", ""rank"": 24, ""source_id"": ""doi:10.1115/gt2021-59899""}, {""abstract_available"": true, ""db"": ""crossref"", ""query"": ""ducted fan tip clearance ovality"", ""rank"": 31, ""source_id"": ""doi:10.1115/gt2021-59899""}]"
doi:10.1115/gt2023-101865,Impact of Tip Clearance Variation of Highly Loaded Tandem Blades in Axial Compressors,2023,https://doi.org/10.1115/gt2023-101865,"Abstract
               Tandem blades are a means to achieve highly loaded compressor stages. The resulting secondary flow structures around tandem blades, however, are very complex and the source of unwanted losses reducing the potential of tandem blades. Especially for tandem blades with tip clearance, the complexity of the flow increases significantly due to the two imminent clearance vortices. Experimental campaigns were conducted to analyze the development of secondary flows in the tip region of tandem blades for different clearance sizes and incidence angles. For comparison, a conventional single airfoil blade of similar turning serves as reference. Furthermore, the tandem blades feature a highly enlarged pitch-to-chord ratio in comparison to the reference blade. By analyzing the flow topology around the tandem blades, the potential to reduce the blade count within the cascade can be assessed as well. Five-hole probe pressure measurements in the wake of the blades as well as oil flow visualizations of the blade surfaces and the tip clearance end wall have been carried out. Generally, the five-hole probe measurements show a similar development for both, tandem and reference blade, when increasing clearance height and incidence. Differences emerge, when the analysis of the measurements is split up into gap and non-gap side. Going deeper into the flow topology, oil flow visualizations show similar developments for the front blade tip clearance vortex and the reference blad",4,False,UNSCREENED,"[{""abstract_available"": true, ""db"": ""crossref"", ""query"": ""ducted fan tip clearance ovality"", ""rank"": 38, ""source_id"": ""doi:10.1115/gt2023-101865""}]"
doi:10.1115/gtindia2012-9571,CFD Code Validation and Qualitative Study of Effects of Tip Clearance Variation on Performance of Transonic Axial Compressor Rotor,2012,https://doi.org/10.1115/gtindia2012-9571,"The main objective of this work is the validation of Computational Fluid Dynamics (CFD) code used for analysis of transonic axial compressors. NASA Rotor 35 is used here as test case for validation. In this work, computations are performed using parallelized RANS code, to predict the transonic axial compressor rotor flow characteristics. Advection Upstream Splitting Method (AUSM) scheme has been used. A Multiple Frame of Reference approach has been used to model the rotor passage. Spalart-Allmaras turbulence model is used to model turbulence. Multiblock Structured mesh is used. Performance characteristics for the entire range of operation, from maximum mass flow rate till maximum pressure ratio, have been simulated. The results obtained are comparable with experimental data within 5–10% error. Investigations have been carried out to study the effect of varying tip clearance in NASA Rotor 35. The present work is intended to study the clearance flow trajectory as a function of varying tip clearance. The effects of shock/vortex interaction in tip clearance region are also studied. The effects of tip clearance size on the generation and evolution of the end-wall vortical structures are discussed by investigating their evolutionary trajectories. By this study, it is observed that as tip clearance reduces, clearance flow trajectory moves downstream. From this it can be concluded that if tip clearance increases, tip clearance vortices expand. This may help in casing-treatment or tip",4,False,UNSCREENED,"[{""abstract_available"": true, ""db"": ""crossref"", ""query"": ""non-axisymmetric tip clearance rotor performance"", ""rank"": 40, ""source_id"": ""doi:10.1115/gtindia2012-9571""}]"
doi:10.1115/ht-fed2004-56646,Experimental Investigation of the Tip Clearance Flow for an Axial Flow Fan Rotor Using a PIV System,2004,https://doi.org/10.1115/ht-fed2004-56646,"The flow field in the tip region of an axial ventilation fan is investigated with a PIV (Particle Image Velocimeter) system at the design condition. Characteristics of a ventilation fan are an extreme low-pressure difference and a large tip clearance with a low rotating speed. Flow fields with three different tip clearances are surveyed on three different circumferential planes, respectively. The phase-locked average method is used to investigate the generation and the development of a tip leakage vortex. The result from PIV system is compared with that from a PDA (Particle Dynamics Anemometer) system. Both data are in good agreement. The structure of the tip leakage vortex for the rotor is illustrated. The characteristic of a leakage vortex is described in both velocity vectors and vortical contours. It is found that the tip leakage flow for a low speed and a low pressure ventilation fan also has a chance to roll up into a discrete vortex at three different tip clearances, which is similar to high speed and high-pressure compressors and turbines. When the tip clearance increases, the scope and the location variation for the tip leakage vortex increase. Finally, the trajectories of the tip leakage vortex by the experimental measurement are compared with predictions from the existing models for high speed and high-pressure compressors and turbines. A good agreement is obtained.",4,False,UNSCREENED,"[{""abstract_available"": true, ""db"": ""crossref"", ""query"": ""ducted fan non-uniform tip clearance experimental"", ""rank"": 38, ""source_id"": ""doi:10.1115/ht-fed2004-56646""}]"
doi:10.1117/12.2020540,Turbine-blade tip clearance and tip timing measurements using an optical fiber bundle sensor,2013,https://doi.org/10.1117/12.2020540,,4,False,UNSCREENED,"[{""abstract_available"": false, ""db"": ""crossref"", ""query"": ""tip clearance optical capacitive measurement fan blade"", ""rank"": 13, ""source_id"": ""doi:10.1117/12.2020540""}]"
doi:10.1155/2017/4168150,An Optical Fiber Measurement System for Blade Tip Clearance of Engine,2017,https://doi.org/10.1155/2017/4168150,,4,True,UNSCREENED,"[{""abstract_available"": false, ""db"": ""openalex"", ""query"": ""tip clearance optical capacitive measurement fan blade"", ""rank"": 2, ""source_id"": ""doi:10.1155/2017/4168150""}]"
doi:10.1299/jsmehs.2021.58.f026,Aerodynamic noise of propeller and shroud of multi-rotor drone in cross-wind conditions,2021,https://doi.org/10.1299/jsmehs.2021.58.f026,,4,False,UNSCREENED,"[{""abstract_available"": false, ""db"": ""crossref"", ""query"": ""segmented shroud rotor duct seam aerodynamic"", ""rank"": 5, ""source_id"": ""doi:10.1299/jsmehs.2021.58.f026""}]"
doi:10.2514/6.2005-808,Experimental Investigation on the Layout of Tip Clearance for an Axial-Flow Compressor Rotor,2005,https://doi.org/10.2514/6.2005-808,,4,False,UNSCREENED,"[{""abstract_available"": false, ""db"": ""openalex"", ""query"": ""non-axisymmetric tip clearance rotor performance"", ""rank"": 8, ""source_id"": ""doi:10.2514/6.2005-808""}]"
doi:10.2514/6.2019-0007,Kriging Assisted Integrated Rotor-Duct Optimization for Ducted Fan in Hover,2019,https://doi.org/10.2514/6.2019-0007,,4,False,UNSCREENED,"[{""abstract_available"": false, ""db"": ""openalex"", ""query"": ""ducted fan non-uniform tip clearance experimental"", ""rank"": 7, ""source_id"": ""doi:10.2514/6.2019-0007""}]"
doi:10.2514/6.2021-1500,Whirl Flutter Stability of A Foldable Propeller on Flexible Nacelle using Multibody Dynamics Analysis,2021,https://doi.org/10.2514/6.2021-1500,,4,False,UNSCREENED,"[{""abstract_available"": false, ""db"": ""crossref"", ""query"": ""foldable duct propeller rotor"", ""rank"": 16, ""source_id"": ""doi:10.2514/6.2021-1500""}]"
doi:10.32920/ryerson.14656764,Study of tip clearance model effects on computational simulation costs for NASA rotor 37.,2021,https://doi.org/10.32920/ryerson.14656764,"The computational time and resources required to calculate an accurate solution is the key concern in the field of CFD. Especially in the CFD analysis of turbomachines many simulations are required to validate the CFD code and to predict the performance of the turbomachines. In this thesis, the typical computational domain was remodelled and the best computational settings were identified to compute the flows. By modifying the numerical domain, improved grid distribution with less number of nodes was achieved and the results predicted were within the limits specified by NASA for the validation of CFD codes. The modified model with the best computational settings required 28.3% less computational time and 20.5% less computer memory than the typical model and baseline methods.",4,False,UNSCREENED,"[{""abstract_available"": true, ""db"": ""crossref"", ""query"": ""non-axisymmetric tip clearance rotor performance"", ""rank"": 20, ""source_id"": ""doi:10.32920/ryerson.14656764""}]"
doi:10.32920/ryerson.14656764.v1,Study of tip clearance model effects on computational simulation costs for NASA rotor 37.,2021,https://doi.org/10.32920/ryerson.14656764.v1,"The computational time and resources required to calculate an accurate solution is the key concern in the field of CFD. Especially in the CFD analysis of turbomachines many simulations are required to validate the CFD code and to predict the performance of the turbomachines. In this thesis, the typical computational domain was remodelled and the best computational settings were identified to compute the flows. By modifying the numerical domain, improved grid distribution with less number of nodes was achieved and the results predicted were within the limits specified by NASA for the validation of CFD codes. The modified model with the best computational settings required 28.3% less computational time and 20.5% less computer memory than the typical model and baseline methods.",4,False,UNSCREENED,"[{""abstract_available"": true, ""db"": ""crossref"", ""query"": ""non-axisymmetric tip clearance rotor performance"", ""rank"": 17, ""source_id"": ""doi:10.32920/ryerson.14656764.v1""}]"
doi:10.3390/en11092202,"A Review of Tip Clearance in Propeller, Pump and Turbine",2018,https://doi.org/10.3390/en11092202,,4,False,UNSCREENED,"[{""abstract_available"": false, ""db"": ""openalex"", ""query"": ""ducted fan non-uniform tip clearance experimental"", ""rank"": 1, ""source_id"": ""doi:10.3390/en11092202""}]"
doi:10.3390/pr8111338,Effect of Rotor Spacing and Duct Diffusion Angle on the Aerodynamic Performances of a Counter-Rotating Ducted Fan in Hover Mode,2020,https://doi.org/10.3390/pr8111338,"The aerodynamic performance of a counter-rotating ducted fan in hover mode is numerically analyzed for different rotor spacings and duct diffusion angles. The design of the counter-rotating fan is inspired by a custom-designed single rotor ducted fan used in a previous study. The numerical model to predict the aerodynamic performance of the counter-rotating ducted fan is developed by adopting the frozen rotor approach for steady-state incompressible flow conditions. The relative angle between the front and the rear rotor is examined due to the usage of the frozen rotor model. The results show that the variation of thrust for the different relative angles is extremely low. The aerodynamic performances are evaluated by comparing the thrust, thrust coefficient, power coefficient, and figure of merit (FOM). The thrust, thrust coefficient, and FOM slightly increase with increasing rotor spacing up to 200 mm, regardless of the duct diffusion angle, and reduce on further increase in the rotor spacing. The duct diffusion angle of 0° generates about 9% higher thrust and increases the FOM by 6.7%, compared with the 6° duct diffusion angle. The duct diffusion angle is highly effective in improving the thrust and FOM of the counter-rotating ducted fan, rather than the rotor spacing.",4,False,UNSCREENED,"[{""abstract_available"": false, ""db"": ""openalex"", ""query"": ""ducted fan non-uniform tip clearance experimental"", ""rank"": 19, ""source_id"": ""doi:10.3390/pr8111338""}, {""abstract_available"": true, ""db"": ""crossref"", ""query"": ""segmented shroud rotor duct seam aerodynamic"", ""rank"": 11, ""source_id"": ""doi:10.3390/pr8111338""}]"
doi:10.36227/techrxiv.172470000.02266095/v1,SynRM with Segmented Rotor: Alternative to Flux-Barrier Rotor for Small-Diameter SynRM,2024,https://doi.org/10.36227/techrxiv.172470000.02266095/v1,"The flux-barrier rotor is generally agreed to be the optimum topology for SynRM, where design parametrization rules are exhaustive. However, in a specific case where a small diameter of 25.24mm is required, the small number of stator slots and diameter limitation results in a parametrized design with a smaller number of flux barriers. This results in a lower saliency ratio. Design with 2 or more flux barriers must be excluded in this small dimension constraint due to the manufacturing feasibility of small fine blanking. This study evaluates if the conventional parametrization rules for flux-barrier SynRM design is applicable in this condition. 4 alternatives of rotor topologies were proposed and analyzed using FE analysis. The rotors proposed include an innovative segmented rotor as an alternative to the conventional flux-barrier rotors. The results show that the segmented rotor has the highest saliency ratio at 2.07 and a torque density of 2.2e-5 which is comparable to SynRMs in recent literature. It produces a torque of 0.78 Nm, an efficiency of 45.75%, and a power factor of 0.63 at 5000rpm and 50A. The mechanical stress and deformation of the rotor structure are also at an acceptable value of 6.2e5 N/mm 2 and 5.5e-5 mm.",4,False,UNSCREENED,"[{""abstract_available"": true, ""db"": ""crossref"", ""query"": ""segmented shroud rotor duct seam aerodynamic"", ""rank"": 20, ""source_id"": ""doi:10.36227/techrxiv.172470000.02266095/v1""}]"
doi:10.3901/cjme.2006.03.376,Experimental investigation of tip clearance flow for an axial flow fan rotor,2006,https://doi.org/10.3901/cjme.2006.03.376,,4,False,UNSCREENED,"[{""abstract_available"": false, ""db"": ""crossref"", ""query"": ""ducted fan non-uniform tip clearance experimental"", ""rank"": 32, ""source_id"": ""doi:10.3901/cjme.2006.03.376""}]"
doi:10.4028/www.scientific.net/amr.139-141.2469,Study on Effect of Rotor Vibration on Tip Clearance Variation and Fast Active Control of Tip Clearance,2010,https://doi.org/10.4028/www.scientific.net/amr.139-141.2469,"The tip clearance flow of axial turbomachines is important for their aerodynamic and maneuver performance. And the tip clearance gap leakage flow is of continuing concern in reducing efficiency losses that occur within turbines. In order to gain significant reductions in emissions and specific fuel consumption as well as dramatic improvements in operating efficiency and increased service life of aero-engine, variation mechanism of blade tip clearance was analyzed and the equation of dynamic clearance was shown firstly, then the effect of rotor vibration in clearance variation which include flight loads and engine loads was studied in this paper; based on the dynamic measurements of blade tip clearance, a method that ensure tip clearance at optimal state in given mission profile through active rotor vibration control and active tip clearance control was presented. Besides, fuzzy control theory was used to solve the high nonlinear variation of tip clearance. The analysis result shows that this technique is useful.",4,False,UNSCREENED,"[{""abstract_available"": true, ""db"": ""crossref"", ""query"": ""non-axisymmetric tip clearance rotor performance"", ""rank"": 16, ""source_id"": ""doi:10.4028/www.scientific.net/amr.139-141.2469""}]"
doi:10.4028/www.scientific.net/amr.860-863.1499,Non-Deterministic CFD Simulations on the Effect of Uncertain Tip Clearance on an Axial Rotor Performance,2013,https://doi.org/10.4028/www.scientific.net/amr.860-863.1499,"In the present paper, the non-intrusive Probabilistic Collocation (NIRPC) method is introduced in detail and used to simulate the effects of tip clearance uncertainty on the aerodynamic performance of NASA Rotor 37, which is combined with a commercial CFD software. The tip clearance height is supposed to be a stochastic variable in Beta distribution with four schemes of uncertainty in the random height of the plain tip clearance, the leading edge, the trailing edge and both the leading and trailing edges, respectively. The statistical properties of total performance of the rotor and flow structure within the blade passage in different flow conditions are analyzed. The results show that the Std. of total performances caused by the uncertain plain tip clearance decreases with reducing of the outlet pressure. The maximum of the standard deviation of Mach number appears in the regions where the leakage flow, the shock wave and the separation flow locate, which decreases from the tip to the hub. When the tip clearance is linear distributed, the uncertainty of tip clearance height at the leading edge is the main factor under high mass flow conditions. With the mass flow reaches to choking point, the Std. of total performances caused by the uncertainty of tip clearance height at the trailing edge drops sharply.",4,False,UNSCREENED,"[{""abstract_available"": true, ""db"": ""crossref"", ""query"": ""non-axisymmetric tip clearance rotor performance"", ""rank"": 6, ""source_id"": ""doi:10.4028/www.scientific.net/amr.860-863.1499""}]"
doi:10.5293/ijfms.2011.4.3.307,Vortex Features in a Half-ducted Axial Fan with Large Bellmouth (Effect of Tip Clearance),2011,https://doi.org/10.5293/ijfms.2011.4.3.307,,4,False,UNSCREENED,"[{""abstract_available"": false, ""db"": ""crossref"", ""query"": ""ducted fan non-uniform tip clearance experimental"", ""rank"": 21, ""source_id"": ""doi:10.5293/ijfms.2011.4.3.307""}, {""abstract_available"": false, ""db"": ""crossref"", ""query"": ""ducted fan tip clearance ovality"", ""rank"": 9, ""source_id"": ""doi:10.5293/ijfms.2011.4.3.307""}]"
doi:10.1007/s13272-021-00517-7,Experimental and numerical studies on small contra-rotating electrical ducted fan engines,2021,https://doi.org/10.1007/s13272-021-00517-7,,3,False,UNSCREENED,"[{""abstract_available"": false, ""db"": ""openalex"", ""query"": ""ducted fan non-uniform tip clearance experimental"", ""rank"": 31, ""source_id"": ""doi:10.1007/s13272-021-00517-7""}]"
doi:10.1007/s13272-022-00573-7,Ducted fans for hybrid electric propulsion of small aircraft,2022,https://doi.org/10.1007/s13272-022-00573-7,,3,False,UNSCREENED,"[{""abstract_available"": false, ""db"": ""openalex"", ""query"": ""ducted fan non-uniform tip clearance experimental"", ""rank"": 14, ""source_id"": ""doi:10.1007/s13272-022-00573-7""}]"
doi:10.1016/j.ast.2018.05.016,Numerical investigations of ducted fan aerodynamic performance with tip-jet,2018,https://doi.org/10.1016/j.ast.2018.05.016,,3,False,UNSCREENED,"[{""abstract_available"": false, ""db"": ""crossref"", ""query"": ""ducted fan tip clearance ovality"", ""rank"": 24, ""source_id"": ""doi:10.1016/j.ast.2018.05.016""}]"
doi:10.1016/j.ast.2023.108866,The impact of second-harmonic tip clearance distributions caused by casing Ovalization and blade height variation in a large-scale compressor stage,2024,https://doi.org/10.1016/j.ast.2023.108866,,3,True,UNSCREENED,"[{""abstract_available"": false, ""db"": ""openalex"", ""query"": ""non-axisymmetric tip clearance rotor performance"", ""rank"": 14, ""source_id"": ""doi:10.1016/j.ast.2023.108866""}]"
doi:10.1016/j.ast.2024.109281,Effect of non-uniform circumferential spallation of seal coating on the aerodynamic performance in a transonic axial rotor: A steady numerical simulation,2024,https://doi.org/10.1016/j.ast.2024.109281,,3,False,UNSCREENED,"[{""abstract_available"": false, ""db"": ""openalex"", ""query"": ""non-axisymmetric tip clearance rotor performance"", ""rank"": 36, ""source_id"": ""doi:10.1016/j.ast.2024.109281""}]"
doi:10.1016/j.ast.2024.109411,Aerodynamic and aeroacoustic design of electric ducted fans,2024,https://doi.org/10.1016/j.ast.2024.109411,,3,False,UNSCREENED,"[{""abstract_available"": false, ""db"": ""openalex"", ""query"": ""ducted fan non-uniform tip clearance experimental"", ""rank"": 10, ""source_id"": ""doi:10.1016/j.ast.2024.109411""}]"
doi:10.1016/j.cja.2019.04.026,Investigations of tip-jet and exhaust jet development in a ducted fan,2019,https://doi.org/10.1016/j.cja.2019.04.026,,3,False,UNSCREENED,"[{""abstract_available"": false, ""db"": ""crossref"", ""query"": ""ducted fan tip clearance ovality"", ""rank"": 30, ""source_id"": ""doi:10.1016/j.cja.2019.04.026""}]"
doi:10.1016/j.cja.2020.08.019,Dual stability enhancement mechanisms of axial-slot casing treatment in a high-speed mixed-flow compressor with various tip clearances,2020,https://doi.org/10.1016/j.cja.2020.08.019,,3,False,UNSCREENED,"[{""abstract_available"": false, ""db"": ""openalex"", ""query"": ""ducted fan non-uniform tip clearance experimental"", ""rank"": 29, ""source_id"": ""doi:10.1016/j.cja.2020.08.019""}]"
doi:10.1016/j.ijnaoe.2017.09.001,Numerical investigations of tip clearance flow characteristics of a pumpjet propulsor,2017,https://doi.org/10.1016/j.ijnaoe.2017.09.001,,3,False,UNSCREENED,"[{""abstract_available"": false, ""db"": ""openalex"", ""query"": ""non-axisymmetric tip clearance rotor performance"", ""rank"": 7, ""source_id"": ""doi:10.1016/j.ijnaoe.2017.09.001""}]"
doi:10.1016/j.ijthermalsci.2018.05.036,Experimental and numerical study on the flow topology of finned heat sinks with tip clearance,2018,https://doi.org/10.1016/j.ijthermalsci.2018.05.036,,3,False,UNSCREENED,"[{""abstract_available"": false, ""db"": ""openalex"", ""query"": ""ducted fan non-uniform tip clearance experimental"", ""rank"": 17, ""source_id"": ""doi:10.1016/j.ijthermalsci.2018.05.036""}]"
doi:10.1016/j.measurement.2019.107142,Turbine blade tip clearance determination using microwave measurement and k-nearest neighbour classifier,2020,https://doi.org/10.1016/j.measurement.2019.107142,,3,False,UNSCREENED,"[{""abstract_available"": false, ""db"": ""crossref"", ""query"": ""tip clearance optical capacitive measurement fan blade"", ""rank"": 16, ""source_id"": ""doi:10.1016/j.measurement.2019.107142""}]"
doi:10.1016/j.renene.2020.01.064,On the effect of the tip-clearance ratio on the aeroacoustics of a diffuser-augmented wind turbine,2020,https://doi.org/10.1016/j.renene.2020.01.064,,3,False,UNSCREENED,"[{""abstract_available"": false, ""db"": ""openalex"", ""query"": ""ducted fan non-uniform tip clearance experimental"", ""rank"": 2, ""source_id"": ""doi:10.1016/j.renene.2020.01.064""}, {""abstract_available"": false, ""db"": ""openalex"", ""query"": ""non-axisymmetric tip clearance rotor performance"", ""rank"": 6, ""source_id"": ""doi:10.1016/j.renene.2020.01.064""}]"
doi:10.1016/j.ymssp.2024.112138,A novel microwave-based dynamic measurement method for blade tip clearance through nonlinear I/Q imbalance correction,2025,https://doi.org/10.1016/j.ymssp.2024.112138,,3,False,UNSCREENED,"[{""abstract_available"": false, ""db"": ""crossref"", ""query"": ""tip clearance optical capacitive measurement fan blade"", ""rank"": 35, ""source_id"": ""doi:10.1016/j.ymssp.2024.112138""}]"
doi:10.1016/s0924-4247(04)00482-0,Tubomachinery blade vibration amplitude measurement through tip timing with capacitance tip clearance probes,2005,https://doi.org/10.1016/s0924-4247(04)00482-0,,3,False,UNSCREENED,"[{""abstract_available"": false, ""db"": ""crossref"", ""query"": ""tip clearance optical capacitive measurement fan blade"", ""rank"": 37, ""source_id"": ""doi:10.1016/s0924-4247(04)00482-0""}]"
doi:10.1017/jfm.2024.134,Aeroacoustics of a ducted fan ingesting an adverse pressure gradient boundary layer,2024,https://doi.org/10.1017/jfm.2024.134,,3,False,UNSCREENED,"[{""abstract_available"": false, ""db"": ""openalex"", ""query"": ""ducted fan non-uniform tip clearance experimental"", ""rank"": 4, ""source_id"": ""doi:10.1017/jfm.2024.134""}]"
doi:10.1036/1097-8542.206300,Ducted fan,,https://doi.org/10.1036/1097-8542.206300,,3,False,UNSCREENED,"[{""abstract_available"": false, ""db"": ""crossref"", ""query"": ""ducted fan tip clearance ovality"", ""rank"": 17, ""source_id"": ""doi:10.1036/1097-8542.206300""}]"
doi:10.1080/19942060.2021.1883115,Numerical and experimental investigations on non-axisymmetric D-type inlet nozzle for a squirrel-cage fan,2021,https://doi.org/10.1080/19942060.2021.1883115,,3,False,UNSCREENED,"[{""abstract_available"": false, ""db"": ""openalex"", ""query"": ""ducted fan non-uniform tip clearance experimental"", ""rank"": 16, ""source_id"": ""doi:10.1080/19942060.2021.1883115""}, {""abstract_available"": false, ""db"": ""openalex"", ""query"": ""non-axisymmetric tip clearance rotor performance"", ""rank"": 20, ""source_id"": ""doi:10.1080/19942060.2021.1883115""}]"
doi:10.1080/19942060.2023.2196327,Aerodynamic analysis on unsteady characteristics of a ducted fan hovering in ceiling effect,2023,https://doi.org/10.1080/19942060.2023.2196327,,3,False,UNSCREENED,"[{""abstract_available"": false, ""db"": ""openalex"", ""query"": ""ducted fan non-uniform tip clearance experimental"", ""rank"": 15, ""source_id"": ""doi:10.1080/19942060.2023.2196327""}]"
doi:10.1088/0957-0233/17/7/007,Turbo machine tip clearance and vibration measurements using a fibre optic laser Doppler position sensor,2006,https://doi.org/10.1088/0957-0233/17/7/007,,3,False,UNSCREENED,"[{""abstract_available"": false, ""db"": ""openalex"", ""query"": ""tip clearance optical capacitive measurement fan blade"", ""rank"": 1, ""source_id"": ""doi:10.1088/0957-0233/17/7/007""}]"
doi:10.1088/2631-8695/abbae1,The research on measurement and analysis method of gas turbine blade tip clearance based on empirical model,2020,https://doi.org/10.1088/2631-8695/abbae1,,3,False,UNSCREENED,"[{""abstract_available"": false, ""db"": ""openalex"", ""query"": ""tip clearance optical capacitive measurement fan blade"", ""rank"": 12, ""source_id"": ""doi:10.1088/2631-8695/abbae1""}]"
doi:10.1108/00022660110408569,Effects of the shroud on aerodynamic performance in helicopter shrouded tail rotor system,2001,https://doi.org/10.1108/00022660110408569,"Gives a momentum theory analysis to analyze the effects of the shroud on aerodynamic performance in a helicopter shrouded tail rotor system for hover and side wind states. As the key to the analysis, introduces a thrust distribution factor to represent the ratio of the shroud thrust to the total thrust of the shrouded rotor. With the help of the factor, fully derives the relations of the thrust, power and disk area for a shrouded rotor. Discusses the effects of the airflow velocity on the thrust gains of the shroud. Makes comparisons between a shrouded rotor and an isolated rotor for different cases and analyzes the variations of the thrust and power of a shrouded rotor with the thrust distribution factor. Gives several conclusions.",3,False,UNSCREENED,"[{""abstract_available"": true, ""db"": ""crossref"", ""query"": ""segmented shroud rotor duct seam aerodynamic"", ""rank"": 2, ""source_id"": ""doi:10.1108/00022660110408569""}]"
doi:10.1109/access.2020.2980324,Research on the Tip Clearance Measuring Method Based on AC Discharge,2020,https://doi.org/10.1109/access.2020.2980324,,3,False,UNSCREENED,"[{""abstract_available"": false, ""db"": ""openalex"", ""query"": ""tip clearance optical capacitive measurement fan blade"", ""rank"": 15, ""source_id"": ""doi:10.1109/access.2020.2980324""}]"
doi:10.1115/1.1370163,Tip Clearance Actuation With Magnetic Bearings for High-Speed Compressor Stall Control,2000,https://doi.org/10.1115/1.1370163,,3,False,UNSCREENED,"[{""abstract_available"": false, ""db"": ""openalex"", ""query"": ""non-axisymmetric tip clearance rotor performance"", ""rank"": 21, ""source_id"": ""doi:10.1115/1.1370163""}]"
doi:10.1115/1.4041648,Improvement of Steam Turbine Stage Efficiency by Controlling Rotor Shroud Leakage Flows—Part II: Effect of Axial Distance Between a Swirl Breaker and a Rotor Shroud on Efficiency Improvement,2018,https://doi.org/10.1115/1.4041648,"The basic principle of a distinct idea to reduce an aerodynamic mixing loss induced by the difference in tangential velocity between mainstream flow and rotor shroud leakage flow is presented in “Part I: Design Concept and Typical Performance of a Swirl Breaker.” When the swirl breaker is installed in the circulating region of leakage flow at the rotor shroud exit cavity, the axial distance between the swirl breaker and the rotor shroud is a crucial factor to trap the leakage flow into the swirl breaker cavity. In Part II, five cases of geometry with different axial distances between the swirl breaker and the rotor shroud, which covered a range for the stage axial distance of actual high and intermediate pressure (HIP) steam turbines, were investigated using a single-rotor computational fluid dynamics (CFD) analysis and verification tests in a 1.5-stage air model turbine. By decreasing the axial distance between the swirl breaker and the rotor shroud, the tangential velocity and the mixing region in the tip side which is influenced by the rotor shroud leakage flow were decreased and the stage efficiency was increased. The case of the shortest axial distance between the swirl breaker and the rotor shroud increased turbine stage efficiency by 0.7% compared to the conventional cavity geometry. In addition, the measured maximum pressure fluctuation in the swirl breaker cavity was only 0.7% of the entire flow pressure. Consequently, both performance characteristics and structural ",3,False,UNSCREENED,"[{""abstract_available"": true, ""db"": ""crossref"", ""query"": ""segmented shroud rotor duct seam aerodynamic"", ""rank"": 12, ""source_id"": ""doi:10.1115/1.4041648""}]"
doi:10.1115/gt2003-38673,Experimental and Computational Investigation of the Tip Clearance Flow for an Axial Ventilation Fan,2003,https://doi.org/10.1115/gt2003-38673,"The tip leakage flow in an axial ventilation fan with various tip clearances is investigated by experimental measurement and numerical simulation. The characteristic of a ventilation fan is an extreme low-pressure difference, a large tip clearance with a low rotating speed. A three dimensional PDA (Particle Dynamics Analysis) system is used for the measurement of the velocity field in the tip clearance region. The flow field is surveyed across the whole passage at fifteen axial locations (from 100% axial chord in front of the leading edge to 100% axial chord behind the trailing edge), mainly focusing on areas close to the blade tip (from 90% of the blade span to the casing wall). Both experimental measurement and numerical simulation indicate that the leakage flow originating from the tip clearance along the chord rolls up into a three-dimensional spiral structure to form a leakage flow vortex. A low axial velocity zone shows up in the tip region, which leads to blockage of the main flow. There are under-turning zones near and in the blade tip region, and an overturning zone in a lower span region with a critical span-wise position of about 94%. A reverse flow appears at the suction side near the trailing edge. As the tip clearance increases, the tip leakage flow and the reverse flow become stronger and fully developed. In addition, the position of the first appearance of the tip leakage vortex moves further downstream in a direction parallel to the mid chord line.",3,False,UNSCREENED,"[{""abstract_available"": true, ""db"": ""crossref"", ""query"": ""ducted fan non-uniform tip clearance experimental"", ""rank"": 37, ""source_id"": ""doi:10.1115/gt2003-38673""}]"
doi:10.1115/gt2014-25364,Non-Axisymmetric Turbine Endwall Aerodynamic Optimization Design: Part II — Turbine Stage Design and Unsteady Flow Characteristics Analysis,2014,https://doi.org/10.1115/gt2014-25364,,3,False,UNSCREENED,"[{""abstract_available"": false, ""db"": ""openalex"", ""query"": ""non-axisymmetric tip clearance rotor performance"", ""rank"": 19, ""source_id"": ""doi:10.1115/gt2014-25364""}]"
doi:10.1115/gt2015-42624,Experimental Validation of a Curtain Type Fluidic Jet Seal on a Turbine Rotor Shroud,2015,https://doi.org/10.1115/gt2015-42624,"This paper describes the design and testing of a fluidic “air-curtain” type seal application to reduce tip leakages on a small high-speed single stage axial turbine.
               The initial experimental investigations were carried out to demonstrate the application of the fluidic type seal on a “frozen rotor” test of a turbine. The “frozen rotor” test is carried out using an actual turbine rotor in a static test facility without rotation. These preliminary tests provide the first experimental validation of fluidic “air-curtain” type seals working to reduce over-tip leakage in a turbine shroud on a actual turbine geometry.
               Ultimately the final stage of the work will be to demonstrate the fluidic seal working in a full rotating facility but these results provide a logical and important step towards that ultimate goal.",3,False,UNSCREENED,"[{""abstract_available"": true, ""db"": ""crossref"", ""query"": ""segmented shroud rotor duct seam aerodynamic"", ""rank"": 37, ""source_id"": ""doi:10.1115/gt2015-42624""}]"
doi:10.1115/gt2017-63082,Non-Axisymmetric Stator Design for Boundary Layer Ingesting Fans,2017,https://doi.org/10.1115/gt2017-63082,,3,False,UNSCREENED,"[{""abstract_available"": false, ""db"": ""openalex"", ""query"": ""ducted fan non-uniform tip clearance experimental"", ""rank"": 36, ""source_id"": ""doi:10.1115/gt2017-63082""}, {""abstract_available"": false, ""db"": ""openalex"", ""query"": ""non-axisymmetric tip clearance rotor performance"", ""rank"": 25, ""source_id"": ""doi:10.1115/gt2017-63082""}]"
doi:10.1155/2011/146969,Effect of Partial Shrouds on the Performance and Flow Field of a Low-Aspect-Ratio Axial-Flow Fan Rotor,2011,https://doi.org/10.1155/2011/146969,,3,False,UNSCREENED,"[{""abstract_available"": false, ""db"": ""openalex"", ""query"": ""ducted fan tip clearance ovality"", ""rank"": 8, ""source_id"": ""doi:10.1155/2011/146969""}]"
doi:10.1155/2020/9041686,Experimental Study of Pressure Pulsation in a Mixed-Flow Pump with Different Tip Clearances Based on Wavelet Analysis,2020,https://doi.org/10.1155/2020/9041686,,3,False,UNSCREENED,"[{""abstract_available"": false, ""db"": ""openalex"", ""query"": ""non-axisymmetric tip clearance rotor performance"", ""rank"": 28, ""source_id"": ""doi:10.1155/2020/9041686""}]"
doi:10.1177/09576509211056737,Rotating tip clearance asymmetry and role of endwall injection in stability desensitization of a transonic fan,2021,https://doi.org/10.1177/09576509211056737,,3,False,UNSCREENED,"[{""abstract_available"": false, ""db"": ""openalex"", ""query"": ""non-axisymmetric tip clearance rotor performance"", ""rank"": 13, ""source_id"": ""doi:10.1177/09576509211056737""}]"
doi:10.1299/jsme1958.13.542,"On the Characteristics of Wing with Tip Clearance : Part 2, the Case in which the Tip Clearance is Contained within a Uniform Flow",1970,https://doi.org/10.1299/jsme1958.13.542,,3,False,UNSCREENED,"[{""abstract_available"": false, ""db"": ""crossref"", ""query"": ""ducted fan non-uniform tip clearance experimental"", ""rank"": 31, ""source_id"": ""doi:10.1299/jsme1958.13.542""}]"
doi:10.21203/rs.3.rs-1753067/v1,Experimental Velocity Fields Evaluation under the Rotor/Propeller Interactions for High Speed Helicopters for Different Propeller Positions,2022,https://doi.org/10.21203/rs.3.rs-1753067/v1,"Abstract
        This paper focuses on the experimental evaluation of the rotor/propeller interactions for hybrid compound configurations. Experiments are conducted in the ONERA L2 large size-low speed wind tunnel with a 1/7.7 Dauphin 365N model and a four-bladed small-scale propeller. PIV measurements are performed to visualize the velocity fields around the helicopter. Different flight conditions (wind speeds, and propeller position) are tested. In hover, the propeller is completely immersed in the rotor wake for all the configurations, and the thrust is therefore maximal. At low speed, the propeller is partially immersed and the flow on the propeller disk is highly asymmetrical. In this flight configuration, moving the propeller towards the tail of the device increases the interactions and thus the performances of the propeller. No direct interactions of the two rotating parts are measured at high speed for all the configurations tested.",3,False,UNSCREENED,"[{""abstract_available"": true, ""db"": ""crossref"", ""query"": ""foldable duct propeller rotor"", ""rank"": 10, ""source_id"": ""doi:10.21203/rs.3.rs-1753067/v1""}]"
doi:10.2322/tjsass.59.47,Aerodynamic Analysis of the Ducted Fan for a VTOL UAV in Crosswinds,2016,https://doi.org/10.2322/tjsass.59.47,,3,False,UNSCREENED,"[{""abstract_available"": false, ""db"": ""openalex"", ""query"": ""ducted fan non-uniform tip clearance experimental"", ""rank"": 8, ""source_id"": ""doi:10.2322/tjsass.59.47""}]"
doi:10.2514/1.7341,Test Rig for Evaluating Active Turbine Blade Tip Clearance Control Concepts,2005,https://doi.org/10.2514/1.7341,,3,False,UNSCREENED,"[{""abstract_available"": false, ""db"": ""openalex"", ""query"": ""non-axisymmetric tip clearance rotor performance"", ""rank"": 12, ""source_id"": ""doi:10.2514/1.7341""}]"
doi:10.2514/1.c036386,Double-Ducted Fan as an Effective Lip Separation Control Concept for Vertical-Takeoff-and-Landing Vehicles,2021,https://doi.org/10.2514/1.c036386,,3,False,UNSCREENED,"[{""abstract_available"": false, ""db"": ""openalex"", ""query"": ""ducted fan non-uniform tip clearance experimental"", ""rank"": 25, ""source_id"": ""doi:10.2514/1.c036386""}]"
doi:10.2514/6.1983-732,An evaluation of circumferentially segmented duct liners,1983,https://doi.org/10.2514/6.1983-732,,3,False,UNSCREENED,"[{""abstract_available"": false, ""db"": ""crossref"", ""query"": ""segmented shroud rotor duct seam aerodynamic"", ""rank"": 34, ""source_id"": ""doi:10.2514/6.1983-732""}]"
doi:10.2514/6.1989-2916,A technique for the measurement of blade tip clearance in a gas turbine,1989,https://doi.org/10.2514/6.1989-2916,,3,False,UNSCREENED,"[{""abstract_available"": false, ""db"": ""crossref"", ""query"": ""tip clearance optical capacitive measurement fan blade"", ""rank"": 23, ""source_id"": ""doi:10.2514/6.1989-2916""}]"
doi:10.2514/6.2004-4176,A Study on the Requirements for Fast Active Turbine Tip Clearance Control Systems,2004,https://doi.org/10.2514/6.2004-4176,,3,False,UNSCREENED,"[{""abstract_available"": false, ""db"": ""openalex"", ""query"": ""non-axisymmetric tip clearance rotor performance"", ""rank"": 9, ""source_id"": ""doi:10.2514/6.2004-4176""}]"
doi:10.2514/6.2005-2875,Effect of Tip Clearance on Fan Noise and Aerodynamic Performance,2005,https://doi.org/10.2514/6.2005-2875,,3,False,UNSCREENED,"[{""abstract_available"": false, ""db"": ""crossref"", ""query"": ""ducted fan tip clearance ovality"", ""rank"": 33, ""source_id"": ""doi:10.2514/6.2005-2875""}]"
doi:10.2514/6.2010-3308,A Microwave Blade Tip Clearance Sensor for Propulsion Health Monitoring,2010,https://doi.org/10.2514/6.2010-3308,,3,False,UNSCREENED,"[{""abstract_available"": false, ""db"": ""openalex"", ""query"": ""tip clearance optical capacitive measurement fan blade"", ""rank"": 6, ""source_id"": ""doi:10.2514/6.2010-3308""}]"
doi:10.29008/etc2011-285,A computational and experimental analysis of a ducted fan used in VTOL UAV systems,2011,https://doi.org/10.29008/etc2011-285,,3,False,UNSCREENED,"[{""abstract_available"": false, ""db"": ""openalex"", ""query"": ""ducted fan non-uniform tip clearance experimental"", ""rank"": 41, ""source_id"": ""doi:10.29008/etc2011-285""}]"
doi:10.3390/app13052787,Effect of Electric Ducted Fans Structural Arrangement on Their Performance Characteristics,2023,https://doi.org/10.3390/app13052787,,3,False,UNSCREENED,"[{""abstract_available"": false, ""db"": ""openalex"", ""query"": ""ducted fan non-uniform tip clearance experimental"", ""rank"": 20, ""source_id"": ""doi:10.3390/app13052787""}, {""abstract_available"": false, ""db"": ""openalex"", ""query"": ""foldable duct propeller rotor"", ""rank"": 18, ""source_id"": ""doi:10.3390/app13052787""}]"
doi:10.3390/drones5030101,Effect of Ducted Multi-Propeller Configuration on Aerodynamic Performance in Quadrotor Drone,2021,https://doi.org/10.3390/drones5030101,,3,False,UNSCREENED,"[{""abstract_available"": false, ""db"": ""openalex"", ""query"": ""ducted fan non-uniform tip clearance experimental"", ""rank"": 23, ""source_id"": ""doi:10.3390/drones5030101""}]"
doi:10.3390/en12214066,Influence of T-Shape Tip Clearance on Energy Performance and Broadband Noise for a NACA0009 Hydrofoil,2019,https://doi.org/10.3390/en12214066,,3,False,UNSCREENED,"[{""abstract_available"": false, ""db"": ""openalex"", ""query"": ""ducted fan non-uniform tip clearance experimental"", ""rank"": 34, ""source_id"": ""doi:10.3390/en12214066""}]"
doi:10.3390/mi13040599,Impact of Channels Aspect Ratio on the Heat Transfer in Finned Heat Sinks with Tip Clearance,2022,https://doi.org/10.3390/mi13040599,,3,False,UNSCREENED,"[{""abstract_available"": false, ""db"": ""openalex"", ""query"": ""ducted fan non-uniform tip clearance experimental"", ""rank"": 48, ""source_id"": ""doi:10.3390/mi13040599""}]"
doi:10.3390/pr7120935,Experimental and Numerical Investigation on the Tip Leakage Vortex Cavitation in an Axial Flow Pump with Different Tip Clearances,2019,https://doi.org/10.3390/pr7120935,,3,False,UNSCREENED,"[{""abstract_available"": false, ""db"": ""openalex"", ""query"": ""non-axisymmetric tip clearance rotor performance"", ""rank"": 16, ""source_id"": ""doi:10.3390/pr7120935""}]"
doi:10.4050/f-0082-2026-0166,Impact of Propeller Design and Placement on Propeller-Driven Rotor Hover Performance and Scaling,2026,https://doi.org/10.4050/f-0082-2026-0166,"After systematic testing of scaled propeller-driven rotor models in hover, and successful correlation of the test data with prediction methodology, a scaling study was conducted for a range of aircraft gross weights from 100 lbs to 20,000 lbs. From previous studies it became evident that propeller sizing and spanwise location on the main rotor blade were key for overall good main rotor performance. The impact of propeller design and placement on propeller-driven rotor hover power was estimated from the isolated propeller performance and propeller-driven rotor configuration. Propeller-driven rotor hover power was compared to a conventional shaft-driven isolated main rotor and a shaft-driven single-main rotor helicopter. The scaling study showed that, for a well designed propeller-driven rotor, the hover power was comparable between the propeller-driven and shaft-driven isolated rotor/single main rotor designs. Finally, a disk loading sensitivity analysis was performed which found that the propeller-driven rotor should have a low disk loading to prevent excessive rotor and propeller tipspeeds.",3,False,UNSCREENED,"[{""abstract_available"": true, ""db"": ""crossref"", ""query"": ""foldable duct propeller rotor"", ""rank"": 28, ""source_id"": ""doi:10.4050/f-0082-2026-0166""}]"
doi:10.5353/th_b4414307,Ducted fan noise control,,https://doi.org/10.5353/th_b4414307,,3,False,UNSCREENED,"[{""abstract_available"": false, ""db"": ""crossref"", ""query"": ""ducted fan tip clearance ovality"", ""rank"": 29, ""source_id"": ""doi:10.5353/th_b4414307""}]"
doi:10.9726/kspse.2012.16.1.044,Numerical Investigation of Effects of Tip Clearance Height on Fan Performance and Tip Clearance Flow in an Axial Fan of the Cooling Tower,2012,https://doi.org/10.9726/kspse.2012.16.1.044,,3,False,UNSCREENED,"[{""abstract_available"": false, ""db"": ""crossref"", ""query"": ""ducted fan tip clearance ovality"", ""rank"": 34, ""source_id"": ""doi:10.9726/kspse.2012.16.1.044""}]"
https://openalex.org/w1535317132,Effects of asymmetric tip clearance on compressor stability,1996,https://openalex.org/W1535317132,,3,False,UNSCREENED,"[{""abstract_available"": false, ""db"": ""openalex"", ""query"": ""ducted fan non-uniform tip clearance experimental"", ""rank"": 50, ""source_id"": ""https://openalex.org/W1535317132""}]"
https://openalex.org/w1602586297,Vortical structures in turbomachinery tip clearance flows,1991,https://openalex.org/W1602586297,,3,False,UNSCREENED,"[{""abstract_available"": false, ""db"": ""openalex"", ""query"": ""non-axisymmetric tip clearance rotor performance"", ""rank"": 22, ""source_id"": ""https://openalex.org/W1602586297""}]"
https://openalex.org/w1646579793,Hover and wind-tunnel testing of shrouded rotors for improved micro air vehicle design,2008,https://openalex.org/W1646579793,,3,False,UNSCREENED,"[{""abstract_available"": false, ""db"": ""openalex"", ""query"": ""ducted fan non-uniform tip clearance experimental"", ""rank"": 35, ""source_id"": ""https://openalex.org/W1646579793""}, {""abstract_available"": false, ""db"": ""openalex"", ""query"": ""foldable duct propeller rotor"", ""rank"": 2, ""source_id"": ""https://openalex.org/W1646579793""}]"
https://openalex.org/w2158119673,Fiber optic laser Doppler distance sensor for in-situ tip clearance and vibrationmonitoring of turbo machines,2008,https://openalex.org/W2158119673,,3,False,UNSCREENED,"[{""abstract_available"": false, ""db"": ""openalex"", ""query"": ""tip clearance optical capacitive measurement fan blade"", ""rank"": 44, ""source_id"": ""https://openalex.org/W2158119673""}]"
https://openalex.org/w2226784241,Effects of asymmetric tip clearance on compressor performance and stability,1996,https://openalex.org/W2226784241,,3,False,UNSCREENED,"[{""abstract_available"": false, ""db"": ""openalex"", ""query"": ""non-axisymmetric tip clearance rotor performance"", ""rank"": 34, ""source_id"": ""https://openalex.org/W2226784241""}]"
https://openalex.org/w2236803213,"Ducted Fan Aerodynamics and Modeling, with Applications of Steady and Synthetic Jet Flow Control",2011,https://openalex.org/W2236803213,,3,False,UNSCREENED,"[{""abstract_available"": false, ""db"": ""openalex"", ""query"": ""ducted fan non-uniform tip clearance experimental"", ""rank"": 6, ""source_id"": ""https://openalex.org/W2236803213""}]"
https://openalex.org/w856386761,Microwave Sensor for Blade Tip Clearance and Structural Health Measurements,2008,https://openalex.org/W856386761,,3,False,UNSCREENED,"[{""abstract_available"": false, ""db"": ""openalex"", ""query"": ""tip clearance optical capacitive measurement fan blade"", ""rank"": 45, ""source_id"": ""https://openalex.org/W856386761""}]"
doi:10.1002/admt.202401431,Fully 3D Printed Capacitive Bending Sensor Enabled by 3D Structuring,2025,https://doi.org/10.1002/admt.202401431,,2,False,UNSCREENED,"[{""abstract_available"": false, ""db"": ""openalex"", ""query"": ""tip clearance optical capacitive measurement fan blade"", ""rank"": 28, ""source_id"": ""doi:10.1002/admt.202401431""}]"
doi:10.1016/b978-0-443-19112-1.00017-5,Propeller and open rotor noise,2024,https://doi.org/10.1016/b978-0-443-19112-1.00017-5,,2,False,UNSCREENED,"[{""abstract_available"": false, ""db"": ""crossref"", ""query"": ""foldable duct propeller rotor"", ""rank"": 29, ""source_id"": ""doi:10.1016/b978-0-443-19112-1.00017-5""}]"
doi:10.1016/j.ast.2023.108846,On the aerodynamic performance of redundant propellers for multi-rotor eVTOL in cruise,2023,https://doi.org/10.1016/j.ast.2023.108846,,2,False,UNSCREENED,"[{""abstract_available"": false, ""db"": ""openalex"", ""query"": ""foldable duct propeller rotor"", ""rank"": 3, ""source_id"": ""doi:10.1016/j.ast.2023.108846""}]"
doi:10.1051/matecconf/201712601002,Quadcopter thrust optimization with ducted-propeller,2017,https://doi.org/10.1051/matecconf/201712601002,,2,False,UNSCREENED,"[{""abstract_available"": false, ""db"": ""openalex"", ""query"": ""foldable duct propeller rotor"", ""rank"": 4, ""source_id"": ""doi:10.1051/matecconf/201712601002""}]"
doi:10.1063/5.0056383,Propeller–duct interaction on the wake dynamics of a ducted propeller,2021,https://doi.org/10.1063/5.0056383,"The propeller–duct interaction on the wake dynamics of a ducted propeller is numerically investigated via detached eddy simulations. The blade–blade interference and blade–duct interaction are analyzed through different configurations under non-ducted and ducted conditions. It is found that the blade–blade interference benefits the loading stability, and the duct leads to a faster efficiency decrease in a single blade with the increasing blade number. The short-wave instability dominates the wake as the unstable secondary vortices accelerates the vortex evolution. The multi-induction effect stabilizes the two tip vortices system in a two-bladed configuration, while the tip vortex grouping occurs early in a four-bladed propeller due to the combined effect of the duct retardation and smaller spiral-to-spiral distance. Additionally, the enhanced wake instability leads to the fast decline of the power spectral density peaks of kinetic energy at blade passing frequency and shaft frequency harmonics toward the far field under ducted conditions.",2,False,UNSCREENED,"[{""abstract_available"": true, ""db"": ""crossref"", ""query"": ""foldable duct propeller rotor"", ""rank"": 12, ""source_id"": ""doi:10.1063/5.0056383""}]"
doi:10.1063/5.0207621,Impact of blade shape on the aerodynamic performance and turbulent jet dynamics produced by a ducted rotor,2024,https://doi.org/10.1063/5.0207621,,2,False,UNSCREENED,"[{""abstract_available"": false, ""db"": ""openalex"", ""query"": ""non-axisymmetric tip clearance rotor performance"", ""rank"": 49, ""source_id"": ""doi:10.1063/5.0207621""}]"
doi:10.1109/tim.2025.3561389,A High-Precision Measurement Method for Blade Tip Vibration and Clearance Based on Capacitive Sensor,2025,https://doi.org/10.1109/tim.2025.3561389,,2,False,UNSCREENED,"[{""abstract_available"": false, ""db"": ""crossref"", ""query"": ""tip clearance optical capacitive measurement fan blade"", ""rank"": 30, ""source_id"": ""doi:10.1109/tim.2025.3561389""}]"
doi:10.1115/1.0002633v,Investigations Into Aerodynamic Performance of Turbine Stages With Flexible Shroud Seals,2021,https://doi.org/10.1115/1.0002633v,,2,False,UNSCREENED,"[{""abstract_available"": false, ""db"": ""crossref"", ""query"": ""segmented shroud rotor duct seam aerodynamic"", ""rank"": 14, ""source_id"": ""doi:10.1115/1.0002633v""}]"
doi:10.1115/90-gt-091,Measuring Rotor and Blade Dynamics Using an Optical Blade Tip Sensor,1990,https://doi.org/10.1115/90-gt-091,,2,False,UNSCREENED,"[{""abstract_available"": false, ""db"": ""openalex"", ""query"": ""tip clearance optical capacitive measurement fan blade"", ""rank"": 5, ""source_id"": ""doi:10.1115/90-gt-091""}]"
doi:10.1115/ajkfluids2019-4908,Development of High-Efficiency Half-Ducted Propeller Fan for Air-Conditioners by Blade Tip Shape Modification,2019,https://doi.org/10.1115/ajkfluids2019-4908,"Abstract
               We developed a high-efficiency half-ducted propeller fan to reduce the electric power consumption of the outdoor unit of air conditioner by using computational fluid dynamics (CFD). Total pressure loss coefficient on the cylindrical surface of blade tip started increasing at the middle of the blade, and the region of high total pressure loss coefficient was formed after trailing edge. Therefore, we assumed that decreasing this region helped increasing static pressure efficiency. Limiting stream lines on the pressure surface showed that the flow from leading edge leaked at the middle of the blade tip, so it was assumed that the region of the high total pressure loss coefficient arose from the leakage at the middle of the blade tip. We confirmed that static pressure at the middle of blade tip, which was the leakage point, was low. We assumed that low inward force to the flow caused the leakage. On the other hand, static pressure at trailing edge of the blade tip was high. Therefore, it was found that the inward force could be increased by making the static pressure higher at the meddle of the blade tip. In order to make the static pressure higher at the middle of the blade tip, we attempted to move the maximum camber position of the blade tip from trailing edge side to leading edge side. Calculation results showed leakage at the blade tip decreased and the static pressure efficiency increased by 0.5%. Experimental results showed that the static pressure ",2,False,UNSCREENED,"[{""abstract_available"": true, ""db"": ""crossref"", ""query"": ""ducted fan tip clearance ovality"", ""rank"": 20, ""source_id"": ""doi:10.1115/ajkfluids2019-4908""}]"
doi:10.1115/gt2007-27915,Optimized Shroud Design for Axial Turbine Aerodynamic Performance,2007,https://doi.org/10.1115/gt2007-27915,,2,False,UNSCREENED,"[{""abstract_available"": false, ""db"": ""openalex"", ""query"": ""non-axisymmetric tip clearance rotor performance"", ""rank"": 24, ""source_id"": ""doi:10.1115/gt2007-27915""}]"
doi:10.1115/gt2013-95572,Aerodynamic Origin of Rotor-Rotor Interaction Noise From Unducted Propulsors,2013,https://doi.org/10.1115/gt2013-95572,"The sound arising from blade row interaction in open rotor propulsion systems is known to significantly contribute to overall noise emissions. The present paper therefore addresses the origination of rotor-rotor interaction noise from a pair of unducted counter-rotating fans. The focus is on the aerodynamic mechanisms that involve sound generation, in order to provide the physical understanding required to find noise-reducing means. Detailed insight into the underlying phenomena is provided on the basis of numerical simulations applying the unsteady Reynolds-averaged Navier-Stokes equations. The interaction mechanisms are identified by extracting the time-dependent disturbances of the flow field in the respective rotor relative frame of reference. Conclusions on the sources of interaction noise and potential noise-reducing means are drawn by evaluating polar directivities, blade surface pressure distributions and propagation characteristics.",2,False,UNSCREENED,"[{""abstract_available"": true, ""db"": ""crossref"", ""query"": ""segmented shroud rotor duct seam aerodynamic"", ""rank"": 33, ""source_id"": ""doi:10.1115/gt2013-95572""}]"
doi:10.1155/2024/2295279,Aerodynamic Optimization Design of Duct Body Structure for Coaxial Rotor Unmanned Aerial Vehicles,2024,https://doi.org/10.1155/2024/2295279,"With the rapid development of vertical takeoff and landing aircraft, urban air traffic has gradually attracted people’s attention. The lift system is a key technology in the composition of vertical takeoff and landing aircraft systems. Due to its compact structure, low noise, safety, and reliability, the ducted lift body has been widely used as a thrust or lift device in aircraft design and has become one of the development directions for future electric vertical takeoff and landing aircraft. This article focuses on the aerodynamic optimization design of the main lift duct body components of a coaxial multirotor unmanned aerial vehicle, aiming to improve its power load and wind drag. The specific method is to remove the partial duct structure between the upper and lower coaxial rotors; change the flow characteristics of the flow field around the duct body; then establish a grid model of the duct body suitable for numerical analysis; analyze its aerodynamic characteristics in hovering, axial flow, and oblique flow states; and finally compare the aerodynamic characteristics with the unmodified duct body structure. The numerical simulation results show that the modified duct body has a significant increase in aerodynamic efficiency and a 4.5% increase in power load compared to the unmodified one. In order to further verify the flight performance of the modified ducted body structure of the drone, we designed and produced two ducted coaxial multirotor drones. Compared with the un",2,False,UNSCREENED,"[{""abstract_available"": true, ""db"": ""crossref"", ""query"": ""segmented shroud rotor duct seam aerodynamic"", ""rank"": 29, ""source_id"": ""doi:10.1155/2024/2295279""}]"
doi:10.1201/9780429428364-5,The propeller (rotor),2018,https://doi.org/10.1201/9780429428364-5,,2,False,UNSCREENED,"[{""abstract_available"": false, ""db"": ""crossref"", ""query"": ""foldable duct propeller rotor"", ""rank"": 4, ""source_id"": ""doi:10.1201/9780429428364-5""}]"
doi:10.12783/dtetr/icmm2017/20338,Design of Propeller Duct for Small Multi-Rotor Aircraft,2018,https://doi.org/10.12783/dtetr/icmm2017/20338,,2,False,UNSCREENED,"[{""abstract_available"": false, ""db"": ""crossref"", ""query"": ""foldable duct propeller rotor"", ""rank"": 2, ""source_id"": ""doi:10.12783/dtetr/icmm2017/20338""}]"
doi:10.1299/transjsme.2014fe0024,Three-dimensional structure of tip vortex in a half-ducted propeller fan,2014,https://doi.org/10.1299/transjsme.2014fe0024,,2,False,UNSCREENED,"[{""abstract_available"": false, ""db"": ""crossref"", ""query"": ""ducted fan tip clearance ovality"", ""rank"": 21, ""source_id"": ""doi:10.1299/transjsme.2014fe0024""}]"
doi:10.21236/ad0102197,DUCTED PROPELLER ASSAULT TRANSPORT STUDY. DUCT AND PROPELLER ANALYSIS,1956,https://doi.org/10.21236/ad0102197,,2,False,UNSCREENED,"[{""abstract_available"": false, ""db"": ""crossref"", ""query"": ""foldable duct propeller rotor"", ""rank"": 3, ""source_id"": ""doi:10.21236/ad0102197""}]"
doi:10.2139/ssrn.4671509,Modular Propeller-Wing Interaction Modeling Method for Tilt-Rotor Aircraft,2023,https://doi.org/10.2139/ssrn.4671509,,2,False,UNSCREENED,"[{""abstract_available"": false, ""db"": ""crossref"", ""query"": ""foldable duct propeller rotor"", ""rank"": 11, ""source_id"": ""doi:10.2139/ssrn.4671509""}]"
doi:10.2139/ssrn.4679893,Experimental Investigation of Propeller Noise Control by Turbulence Grids Inserting between Rotor and Stator,2023,https://doi.org/10.2139/ssrn.4679893,,2,False,UNSCREENED,"[{""abstract_available"": false, ""db"": ""crossref"", ""query"": ""foldable duct propeller rotor"", ""rank"": 38, ""source_id"": ""doi:10.2139/ssrn.4679893""}]"
doi:10.2478/v10012-008-0048-y,On the modelling of aerodynamic force coefficients for over-shroud seals of turbine stages,2009,https://doi.org/10.2478/v10012-008-0048-y,,2,False,UNSCREENED,"[{""abstract_available"": false, ""db"": ""crossref"", ""query"": ""segmented shroud rotor duct seam aerodynamic"", ""rank"": 25, ""source_id"": ""doi:10.2478/v10012-008-0048-y""}]"
doi:10.2514/5.9781600865183.0397.0414,Duct Acoustics: Acoustic Wave Propagation in a Lined Duct with Nonuniform Admittance,1976,https://doi.org/10.2514/5.9781600865183.0397.0414,,2,False,UNSCREENED,"[{""abstract_available"": false, ""db"": ""crossref"", ""query"": ""segmented shroud rotor duct seam aerodynamic"", ""rank"": 38, ""source_id"": ""doi:10.2514/5.9781600865183.0397.0414""}, {""abstract_available"": false, ""db"": ""crossref"", ""query"": ""foldable duct propeller rotor"", ""rank"": 21, ""source_id"": ""doi:10.2514/5.9781600865183.0397.0414""}]"
doi:10.2514/5.9781600865183.0583.0600,Rotor Noise: V/STOL Rotor and Propeller Noise: Its Prediction and Analysis of Its Aural Characteristics,1976,https://doi.org/10.2514/5.9781600865183.0583.0600,,2,False,UNSCREENED,"[{""abstract_available"": false, ""db"": ""crossref"", ""query"": ""foldable duct propeller rotor"", ""rank"": 1, ""source_id"": ""doi:10.2514/5.9781600865183.0583.0600""}]"
doi:10.2514/5.9781600865190.0583.0600,Rotor Noise: V/STOL Rotor and Propeller Noise: Its Prediction and Analysis of Its Aural Characteristics,1976,https://doi.org/10.2514/5.9781600865190.0583.0600,,2,False,UNSCREENED,"[{""abstract_available"": false, ""db"": ""crossref"", ""query"": ""foldable duct propeller rotor"", ""rank"": 25, ""source_id"": ""doi:10.2514/5.9781600865190.0583.0600""}]"
doi:10.2514/6.1976-560,Noise produced by turbulent flow into a propeller or helicopter rotor,1976,https://doi.org/10.2514/6.1976-560,,2,False,UNSCREENED,"[{""abstract_available"": false, ""db"": ""crossref"", ""query"": ""foldable duct propeller rotor"", ""rank"": 35, ""source_id"": ""doi:10.2514/6.1976-560""}]"
doi:10.2514/6.1986-1894,A study of the rotor/rotor interaction tones from a contra-rotating propeller driven aircraft,1986,https://doi.org/10.2514/6.1986-1894,,2,False,UNSCREENED,"[{""abstract_available"": false, ""db"": ""crossref"", ""query"": ""foldable duct propeller rotor"", ""rank"": 8, ""source_id"": ""doi:10.2514/6.1986-1894""}]"
doi:10.2514/6.1986-1964,Broadband propeller noise prediction in the plane of the rotor,1986,https://doi.org/10.2514/6.1986-1964,,2,False,UNSCREENED,"[{""abstract_available"": false, ""db"": ""crossref"", ""query"": ""foldable duct propeller rotor"", ""rank"": 37, ""source_id"": ""doi:10.2514/6.1986-1964""}]"
doi:10.2514/6.2020-2676,Rotor/Propeller Model Fidelity Effects on Propeller-Wing Interactional Aerodynamics,2020,https://doi.org/10.2514/6.2020-2676,,2,False,UNSCREENED,"[{""abstract_available"": false, ""db"": ""crossref"", ""query"": ""foldable duct propeller rotor"", ""rank"": 17, ""source_id"": ""doi:10.2514/6.2020-2676""}]"
doi:10.2514/6.2026-111696,Development of 3D printed Propeller Driven Rotor Blades,2026,https://doi.org/10.2514/6.2026-111696,,2,False,UNSCREENED,"[{""abstract_available"": false, ""db"": ""crossref"", ""query"": ""foldable duct propeller rotor"", ""rank"": 23, ""source_id"": ""doi:10.2514/6.2026-111696""}]"
doi:10.2514/6.2026-115427,Development of a Free-Flying Propeller Driven Rotor Unmanned Aerial System,2026,https://doi.org/10.2514/6.2026-115427,,2,False,UNSCREENED,"[{""abstract_available"": false, ""db"": ""crossref"", ""query"": ""foldable duct propeller rotor"", ""rank"": 39, ""source_id"": ""doi:10.2514/6.2026-115427""}]"
doi:10.31390/gradschool_theses.2030,"The Design, Fabrication, and Validation of a Film Cooled Rotating Turbine Cascade with an Actively Cooled Shroud in a Closed Loop Wind Tunnel",2016,https://doi.org/10.31390/gradschool_theses.2030,,2,False,UNSCREENED,"[{""abstract_available"": false, ""db"": ""openalex"", ""query"": ""segmented shroud rotor duct seam aerodynamic"", ""rank"": 7, ""source_id"": ""doi:10.31390/gradschool_theses.2030""}]"
doi:10.3390/en10010038,Theoretical Analysis of Shrouded Horizontal Axis Wind Turbines,2017,https://doi.org/10.3390/en10010038,,2,False,UNSCREENED,"[{""abstract_available"": false, ""db"": ""openalex"", ""query"": ""foldable duct propeller rotor"", ""rank"": 49, ""source_id"": ""doi:10.3390/en10010038""}]"
doi:10.3390/en13226081,Numerical Investigation on Flow Field Distribution of Eccentric Compressors Based on Steady and Unsteady CFD Methods,2020,https://doi.org/10.3390/en13226081,,2,False,UNSCREENED,"[{""abstract_available"": false, ""db"": ""openalex"", ""query"": ""ducted fan tip clearance ovality"", ""rank"": 11, ""source_id"": ""doi:10.3390/en13226081""}]"
doi:10.3390/ijtpp9030026,Experimental Investigation of an Efficient and Lightweight Designed Counter-Rotating Shrouded Fan Stage,2024,https://doi.org/10.3390/ijtpp9030026,,2,False,UNSCREENED,"[{""abstract_available"": false, ""db"": ""openalex"", ""query"": ""tip clearance optical capacitive measurement fan blade"", ""rank"": 24, ""source_id"": ""doi:10.3390/ijtpp9030026""}]"
doi:10.3390/jmse11091708,Research on Aerodynamic Characteristics of a Ducted Propeller Hovering near the Water Surface Based on a Lattice Boltzmann Method,2023,https://doi.org/10.3390/jmse11091708,,2,False,UNSCREENED,"[{""abstract_available"": false, ""db"": ""openalex"", ""query"": ""foldable duct propeller rotor"", ""rank"": 9, ""source_id"": ""doi:10.3390/jmse11091708""}]"
doi:10.3390/jmse6010027,Prediction of the Open-Water Performance of Ducted Propellers with a Panel Method,2018,https://doi.org/10.3390/jmse6010027,,2,False,UNSCREENED,"[{""abstract_available"": false, ""db"": ""openalex"", ""query"": ""ducted fan non-uniform tip clearance experimental"", ""rank"": 27, ""source_id"": ""doi:10.3390/jmse6010027""}]"
doi:10.46254/an12.20220238,Optimization of Tri–Rotor Propeller for Maximum Lift Efficiency,,https://doi.org/10.46254/an12.20220238,,2,False,UNSCREENED,"[{""abstract_available"": false, ""db"": ""crossref"", ""query"": ""foldable duct propeller rotor"", ""rank"": 40, ""source_id"": ""doi:10.46254/an12.20220238""}]"
doi:10.5194/wes-3-221-2018,Ducted wind turbine optimization and sensitivity to rotor position,2018,https://doi.org/10.5194/wes-3-221-2018,,2,False,UNSCREENED,"[{""abstract_available"": false, ""db"": ""openalex"", ""query"": ""non-axisymmetric tip clearance rotor performance"", ""rank"": 17, ""source_id"": ""doi:10.5194/wes-3-221-2018""}]"
doi:10.5957/pss-2009-07,A Method for the Prediction of Rotor/Stator Interaction Applications to 2-D Hydrofoils and Propeller,2009,https://doi.org/10.5957/pss-2009-07,"This paper presents computational techniques to predict the fully unsteady interaction of two hydrofoils (rotor and stator) and to calculate the unsteady trailing wake geometry in the case of a propeller. A boundary element method is developed to simulate the unsteady performance of moving and stationary hydrofoils interaction in 2-D. The wakes of the two hydrofoils are determined in time by applying a force-free condition on each wake surface. The results of the present method are compared with those from viscous flow calculations in 2-D, by using a commercial RANS solver (FLUENT) on the same 2-D hydrofoil set-up and conditions. The effect of the unsteady rotor/stator interaction is studied. The method then is extended in 3-D to calculate the unsteady trailing wake of propeller flow, and validated with experimental data.",2,False,UNSCREENED,"[{""abstract_available"": true, ""db"": ""crossref"", ""query"": ""foldable duct propeller rotor"", ""rank"": 13, ""source_id"": ""doi:10.5957/pss-2009-07""}]"
doi:10.1002/we.2388,Characterization of aerodynamic performance of ducted wind turbines: A numerical study,2019,https://doi.org/10.1002/we.2388,,1,False,UNSCREENED,"[{""abstract_available"": false, ""db"": ""openalex"", ""query"": ""ducted fan non-uniform tip clearance experimental"", ""rank"": 43, ""source_id"": ""doi:10.1002/we.2388""}]"
doi:10.1007/s00348-018-2668-z,Rotor–duct aerodynamic and acoustic interactions at low Reynolds number,2019,https://doi.org/10.1007/s00348-018-2668-z,,1,False,UNSCREENED,"[{""abstract_available"": false, ""db"": ""crossref"", ""query"": ""segmented shroud rotor duct seam aerodynamic"", ""rank"": 10, ""source_id"": ""doi:10.1007/s00348-018-2668-z""}]"
doi:10.1007/s00773-020-00775-w,RETRACTED ARTICLE: Numerical investigation to observe combined effect of propeller boss cap fin (PBCF) and propeller duct to improve propeller efficiency,2020,https://doi.org/10.1007/s00773-020-00775-w,,1,False,UNSCREENED,"[{""abstract_available"": false, ""db"": ""crossref"", ""query"": ""foldable duct propeller rotor"", ""rank"": 26, ""source_id"": ""doi:10.1007/s00773-020-00775-w""}]"
doi:10.1007/s10846-021-01527-7,"A Review of Quadrotor Unmanned Aerial Vehicles: Applications, Architectural Design and Control Algorithms",2022,https://doi.org/10.1007/s10846-021-01527-7,,1,False,UNSCREENED,"[{""abstract_available"": false, ""db"": ""openalex"", ""query"": ""foldable duct propeller rotor"", ""rank"": 19, ""source_id"": ""doi:10.1007/s10846-021-01527-7""}]"
doi:10.1007/s10846-024-02133-z,Nezha-D: Dynamic Characteristics and Design of a Ducted HAUV,2025,https://doi.org/10.1007/s10846-024-02133-z,,1,False,UNSCREENED,"[{""abstract_available"": false, ""db"": ""openalex"", ""query"": ""foldable duct propeller rotor"", ""rank"": 30, ""source_id"": ""doi:10.1007/s10846-024-02133-z""}]"
doi:10.1016/j.ast.2021.107009,Aerodynamic interaction between propellers of a distributed-propulsion system in forward flight,2021,https://doi.org/10.1016/j.ast.2021.107009,,1,False,UNSCREENED,"[{""abstract_available"": false, ""db"": ""openalex"", ""query"": ""non-axisymmetric tip clearance rotor performance"", ""rank"": 42, ""source_id"": ""doi:10.1016/j.ast.2021.107009""}]"
doi:10.1016/j.egyr.2022.02.065,Prediction of operating parameters and output power of ducted wind turbine using artificial neural networks,2022,https://doi.org/10.1016/j.egyr.2022.02.065,,1,False,UNSCREENED,"[{""abstract_available"": false, ""db"": ""openalex"", ""query"": ""ducted fan non-uniform tip clearance experimental"", ""rank"": 37, ""source_id"": ""doi:10.1016/j.egyr.2022.02.065""}]"
doi:10.1016/j.jsv.2024.118771,Shape considerations for the design of propellers with trailing edge serrations,2024,https://doi.org/10.1016/j.jsv.2024.118771,,1,False,UNSCREENED,"[{""abstract_available"": false, ""db"": ""openalex"", ""query"": ""foldable duct propeller rotor"", ""rank"": 15, ""source_id"": ""doi:10.1016/j.jsv.2024.118771""}]"
doi:10.1016/j.jweia.2020.104174,Effects of yawed inflow on the aerodynamic and aeroacoustic performance of ducted wind turbines,2020,https://doi.org/10.1016/j.jweia.2020.104174,,1,False,UNSCREENED,"[{""abstract_available"": false, ""db"": ""openalex"", ""query"": ""non-axisymmetric tip clearance rotor performance"", ""rank"": 38, ""source_id"": ""doi:10.1016/j.jweia.2020.104174""}]"
doi:10.1016/j.rser.2021.111497,Experimental investigation on performance improvement by mid-plane guide-vanes in a biplane-rotor Wells turbine for wave energy conversion,2021,https://doi.org/10.1016/j.rser.2021.111497,,1,False,UNSCREENED,"[{""abstract_available"": false, ""db"": ""openalex"", ""query"": ""non-axisymmetric tip clearance rotor performance"", ""rank"": 35, ""source_id"": ""doi:10.1016/j.rser.2021.111497""}]"
doi:10.1017/aer.2022.92,Historical development of the coaxial contra-rotating propeller,2022,https://doi.org/10.1017/aer.2022.92,,1,False,UNSCREENED,"[{""abstract_available"": false, ""db"": ""openalex"", ""query"": ""foldable duct propeller rotor"", ""rank"": 8, ""source_id"": ""doi:10.1017/aer.2022.92""}]"
doi:10.1017/aer.2025.36,Aerodynamic assessment of wingtip-mounted propeller and distributed propulsion system,2025,https://doi.org/10.1017/aer.2025.36,,1,False,UNSCREENED,"[{""abstract_available"": false, ""db"": ""openalex"", ""query"": ""foldable duct propeller rotor"", ""rank"": 27, ""source_id"": ""doi:10.1017/aer.2025.36""}]"
doi:10.1080/17445302.2023.2265118,Marine propeller optimisation through user interaction and machine learning for advanced blade design scenarios,2023,https://doi.org/10.1080/17445302.2023.2265118,,1,False,UNSCREENED,"[{""abstract_available"": false, ""db"": ""openalex"", ""query"": ""foldable duct propeller rotor"", ""rank"": 37, ""source_id"": ""doi:10.1080/17445302.2023.2265118""}]"
doi:10.1088/1742-6596/1037/2/022034,Experimental investigation on the effect of the duct geometrical parameters on the performance of a ducted wind turbine,2018,https://doi.org/10.1088/1742-6596/1037/2/022034,,1,False,UNSCREENED,"[{""abstract_available"": false, ""db"": ""openalex"", ""query"": ""non-axisymmetric tip clearance rotor performance"", ""rank"": 33, ""source_id"": ""doi:10.1088/1742-6596/1037/2/022034""}]"
doi:10.1088/1755-1315/49/7/072008,Simulation of air admission in a propeller hydroturbine during transient events,2016,https://doi.org/10.1088/1755-1315/49/7/072008,,1,False,UNSCREENED,"[{""abstract_available"": false, ""db"": ""openalex"", ""query"": ""foldable duct propeller rotor"", ""rank"": 17, ""source_id"": ""doi:10.1088/1755-1315/49/7/072008""}]"
doi:10.1098/rsos.210402,Hydroacoustic and hydrodynamic investigation of bio-inspired leading-edge tubercles on marine-ducted thrusters,2021,https://doi.org/10.1098/rsos.210402,,1,False,UNSCREENED,"[{""abstract_available"": false, ""db"": ""openalex"", ""query"": ""ducted fan non-uniform tip clearance experimental"", ""rank"": 32, ""source_id"": ""doi:10.1098/rsos.210402""}]"
doi:10.1109/lra.2024.3355728,High Aspect Ratio Multi-Stage Ducted Electroaerodynamic Thrusters for Micro Air Vehicle Propulsion,2024,https://doi.org/10.1109/lra.2024.3355728,,1,False,UNSCREENED,"[{""abstract_available"": false, ""db"": ""openalex"", ""query"": ""foldable duct propeller rotor"", ""rank"": 23, ""source_id"": ""doi:10.1109/lra.2024.3355728""}]"
doi:10.1111/j.1742-4658.2007.05702.x,"WD‐repeat‐propeller‐FYVE protein, ProF, binds VAMP2 and protein kinase Cζ",2007,https://doi.org/10.1111/j.1742-4658.2007.05702.x,,1,False,UNSCREENED,"[{""abstract_available"": false, ""db"": ""openalex"", ""query"": ""foldable duct propeller rotor"", ""rank"": 7, ""source_id"": ""doi:10.1111/j.1742-4658.2007.05702.x""}]"
doi:10.1115/97-gt-344,Aerodynamic Modeling of Multistage Compressor Flowfields: Part 1 — Analysis of Rotor/Stator/Rotor Aerodynamic Interaction,1997,https://doi.org/10.1115/97-gt-344,"The primary purpose of this study was to investigate improved numerical techniques for predicting flows through multistage compressors. The vehicle chosen for this study was the Pennsylvania State University Research Compressor (PSRC). The PSRC facility consists of a 3-1/2 stage axial flow compressor which shares design features which are consistent with embedded stages of modern gas turbine engine axial flow compressors. In Part 1 of this two part paper, several Computational Fluid Dynamics (CFD) techniques were applied to predict both steady and unsteady flows through the PSRC facility. Inter-blade row coupling via a circumferentially-averaged mixing plane approach was employed for steady flow analysis. A mesh density sensitivity study was performed to define the minimum mesh requirements necessary to achieve reasonable agreement with the experimental data. Time dependent flow predictions were performed using a time dependent interblade row coupling technique. These calculations evaluated the aerodynamic interactions occurring between the second rotor, second stator, and third rotor for the PSRC rig.",1,False,UNSCREENED,"[{""abstract_available"": true, ""db"": ""crossref"", ""query"": ""segmented shroud rotor duct seam aerodynamic"", ""rank"": 13, ""source_id"": ""doi:10.1115/97-gt-344""}]"
doi:10.1155/2013/413587,Turbine Rotor Disk Health Monitoring Assessment Based on Sensor Technology and Spin Tests Data,2013,https://doi.org/10.1155/2013/413587,,1,False,UNSCREENED,"[{""abstract_available"": false, ""db"": ""openalex"", ""query"": ""tip clearance optical capacitive measurement fan blade"", ""rank"": 27, ""source_id"": ""doi:10.1155/2013/413587""}]"
doi:10.1155/2014/537813,Mathematical Analysis of the Effect of Rotor Geometry on Cup Anemometer Response,2014,https://doi.org/10.1155/2014/537813,,1,False,UNSCREENED,"[{""abstract_available"": false, ""db"": ""openalex"", ""query"": ""foldable duct propeller rotor"", ""rank"": 12, ""source_id"": ""doi:10.1155/2014/537813""}]"
doi:10.1155/2016/8913901,Effects of Duct Cross Section Camber and Thickness on the Performance of Ducted Propulsion Systems for Aeronautical Applications,2016,https://doi.org/10.1155/2016/8913901,,1,False,UNSCREENED,"[{""abstract_available"": false, ""db"": ""openalex"", ""query"": ""ducted fan non-uniform tip clearance experimental"", ""rank"": 22, ""source_id"": ""doi:10.1155/2016/8913901""}, {""abstract_available"": false, ""db"": ""openalex"", ""query"": ""non-axisymmetric tip clearance rotor performance"", ""rank"": 40, ""source_id"": ""doi:10.1155/2016/8913901""}]"
doi:10.1155/2016/9517654,Autonomous Close Formation Flight Control with Fixed Wing and Quadrotor Test Beds,2016,https://doi.org/10.1155/2016/9517654,,1,False,UNSCREENED,"[{""abstract_available"": false, ""db"": ""openalex"", ""query"": ""ducted fan tip clearance ovality"", ""rank"": 40, ""source_id"": ""doi:10.1155/2016/9517654""}]"
doi:10.1155/2022/1803638,A Review on Vertical Take-Off and Landing (VTOL) Tilt-Rotor and Tilt Wing Unmanned Aerial Vehicles (UAVs),2022,https://doi.org/10.1155/2022/1803638,,1,False,UNSCREENED,"[{""abstract_available"": false, ""db"": ""openalex"", ""query"": ""foldable duct propeller rotor"", ""rank"": 5, ""source_id"": ""doi:10.1155/2022/1803638""}]"
doi:10.11575/prism/27267,Passive Stabilization of VTOL Aircraft Having Obliquely Tilting Propellers,2014,https://doi.org/10.11575/prism/27267,,1,False,UNSCREENED,"[{""abstract_available"": false, ""db"": ""openalex"", ""query"": ""foldable duct propeller rotor"", ""rank"": 34, ""source_id"": ""doi:10.11575/prism/27267""}]"
doi:10.18297/etd/237,Numerical simulation of the aerodynamic performance of an H-rotor.,,https://doi.org/10.18297/etd/237,,1,False,UNSCREENED,"[{""abstract_available"": false, ""db"": ""crossref"", ""query"": ""segmented shroud rotor duct seam aerodynamic"", ""rank"": 22, ""source_id"": ""doi:10.18297/etd/237""}]"
doi:10.20944/preprints202305.2194.v1,Research on the Distributed Propeller Slipstream Effect of UAV Wing Based on the Actuator Disk Method,2023,https://doi.org/10.20944/preprints202305.2194.v1,,1,False,UNSCREENED,"[{""abstract_available"": false, ""db"": ""openalex"", ""query"": ""foldable duct propeller rotor"", ""rank"": 45, ""source_id"": ""doi:10.20944/preprints202305.2194.v1""}]"
doi:10.20944/preprints202310.0418.v1,Propeller Aerodynamic Design and Optimization,2023,https://doi.org/10.20944/preprints202310.0418.v1,,1,False,UNSCREENED,"[{""abstract_available"": false, ""db"": ""openalex"", ""query"": ""foldable duct propeller rotor"", ""rank"": 28, ""source_id"": ""doi:10.20944/preprints202310.0418.v1""}]"
doi:10.2139/ssrn.4788345,Effect of Rotor-Rotor Interactions on Unsteady Aerodynamic Loads of Coaxial Dual-Rotor Wind Turbines,2024,https://doi.org/10.2139/ssrn.4788345,,1,False,UNSCREENED,"[{""abstract_available"": false, ""db"": ""crossref"", ""query"": ""segmented shroud rotor duct seam aerodynamic"", ""rank"": 26, ""source_id"": ""doi:10.2139/ssrn.4788345""}]"
doi:10.2139/ssrn.4864681,Wind-Tunnel Experimental Investigation on Rotor-Rotor Aerodynamic Interaction in Compound Helicopter Configuration,2024,https://doi.org/10.2139/ssrn.4864681,,1,False,UNSCREENED,"[{""abstract_available"": false, ""db"": ""crossref"", ""query"": ""segmented shroud rotor duct seam aerodynamic"", ""rank"": 23, ""source_id"": ""doi:10.2139/ssrn.4864681""}]"
doi:10.2139/ssrn.4955397,A Rotor Tip Assembly Clearance Prediction Method Considering Multi-Sources Uncertainties,2024,https://doi.org/10.2139/ssrn.4955397,,1,False,UNSCREENED,"[{""abstract_available"": false, ""db"": ""crossref"", ""query"": ""non-axisymmetric tip clearance rotor performance"", ""rank"": 30, ""source_id"": ""doi:10.2139/ssrn.4955397""}]"
doi:10.22215/etd/2014-10450,A Process for the Design and Manufacture of Propellers for Small Unmanned Aerial Vehicles,2014,https://doi.org/10.22215/etd/2014-10450,,1,False,UNSCREENED,"[{""abstract_available"": false, ""db"": ""openalex"", ""query"": ""foldable duct propeller rotor"", ""rank"": 20, ""source_id"": ""doi:10.22215/etd/2014-10450""}]"
doi:10.2514/5.9781600865183.0539.0558,Rotor Noise: Tone Noise of High-Speed Rotors,1976,https://doi.org/10.2514/5.9781600865183.0539.0558,,1,False,UNSCREENED,"[{""abstract_available"": false, ""db"": ""crossref"", ""query"": ""foldable duct propeller rotor"", ""rank"": 33, ""source_id"": ""doi:10.2514/5.9781600865183.0539.0558""}]"
doi:10.2514/5.9781600865183.0559.0582,Rotor Noise: Discrete Frequency Rotor Noise,1976,https://doi.org/10.2514/5.9781600865183.0559.0582,,1,False,UNSCREENED,"[{""abstract_available"": false, ""db"": ""crossref"", ""query"": ""segmented shroud rotor duct seam aerodynamic"", ""rank"": 19, ""source_id"": ""doi:10.2514/5.9781600865183.0559.0582""}, {""abstract_available"": false, ""db"": ""crossref"", ""query"": ""foldable duct propeller rotor"", ""rank"": 7, ""source_id"": ""doi:10.2514/5.9781600865183.0559.0582""}]"
doi:10.2514/5.9781600865183.0615.0629,Rotor Noise: Development of Experimental Techniques for the Study of Helicopter Rotor Noise,1976,https://doi.org/10.2514/5.9781600865183.0615.0629,,1,False,UNSCREENED,"[{""abstract_available"": false, ""db"": ""crossref"", ""query"": ""foldable duct propeller rotor"", ""rank"": 22, ""source_id"": ""doi:10.2514/5.9781600865183.0615.0629""}]"
doi:10.2514/5.9781600865183.0631.0634,Rotor Noise: Panel Discussion: Rotor Noise,1976,https://doi.org/10.2514/5.9781600865183.0631.0634,,1,False,UNSCREENED,"[{""abstract_available"": false, ""db"": ""crossref"", ""query"": ""segmented shroud rotor duct seam aerodynamic"", ""rank"": 18, ""source_id"": ""doi:10.2514/5.9781600865183.0631.0634""}, {""abstract_available"": false, ""db"": ""crossref"", ""query"": ""foldable duct propeller rotor"", ""rank"": 6, ""source_id"": ""doi:10.2514/5.9781600865183.0631.0634""}]"
doi:10.2514/6.1968-962,The Magnus rotor as an aerodynamic decelerator,1968,https://doi.org/10.2514/6.1968-962,,1,False,UNSCREENED,"[{""abstract_available"": false, ""db"": ""crossref"", ""query"": ""segmented shroud rotor duct seam aerodynamic"", ""rank"": 16, ""source_id"": ""doi:10.2514/6.1968-962""}]"
doi:10.2514/6.1982-1119,Summary and recent results from the NASA advanced high-speed propeller research program,1982,https://doi.org/10.2514/6.1982-1119,,1,False,UNSCREENED,"[{""abstract_available"": false, ""db"": ""openalex"", ""query"": ""foldable duct propeller rotor"", ""rank"": 11, ""source_id"": ""doi:10.2514/6.1982-1119""}]"
doi:10.2514/6.1994-4296,A multidisciplinary design optimization approach to sizing stopped rotor configurations utilizing reaction drive and circulation control,1994,https://doi.org/10.2514/6.1994-4296,,1,False,UNSCREENED,"[{""abstract_available"": false, ""db"": ""openalex"", ""query"": ""foldable duct propeller rotor"", ""rank"": 25, ""source_id"": ""doi:10.2514/6.1994-4296""}]"
doi:10.2514/6.1998-3249,Aerodynamic design of a wave rotor to high pressure turbine transition duct,1998,https://doi.org/10.2514/6.1998-3249,,1,False,UNSCREENED,"[{""abstract_available"": false, ""db"": ""crossref"", ""query"": ""segmented shroud rotor duct seam aerodynamic"", ""rank"": 7, ""source_id"": ""doi:10.2514/6.1998-3249""}]"
doi:10.2514/6.2012-2120,Rotor Inflow Noise Caused by a Boundary Layer: Inflow Measurements and Noise Predictions,2012,https://doi.org/10.2514/6.2012-2120,,1,False,UNSCREENED,"[{""abstract_available"": false, ""db"": ""openalex"", ""query"": ""non-axisymmetric tip clearance rotor performance"", ""rank"": 45, ""source_id"": ""doi:10.2514/6.2012-2120""}]"
doi:10.2514/6.2015-1030,Effect of Duct-Rotor Aerodynamic Interactions on Blade Design for Hover and Axial Flight,2015,https://doi.org/10.2514/6.2015-1030,,1,False,UNSCREENED,"[{""abstract_available"": false, ""db"": ""crossref"", ""query"": ""segmented shroud rotor duct seam aerodynamic"", ""rank"": 6, ""source_id"": ""doi:10.2514/6.2015-1030""}]"
doi:10.25144/22726,NOISE REDUCTION BY AIRINLET IN THE PROPELLER DUCT,2024,https://doi.org/10.25144/22726,,1,False,UNSCREENED,"[{""abstract_available"": false, ""db"": ""crossref"", ""query"": ""foldable duct propeller rotor"", ""rank"": 9, ""source_id"": ""doi:10.25144/22726""}]"
doi:10.29008/etc2017-100,Effects of hub endwall geometry and rotor leading edge shape on performance of supersonic axial impulse turbine. Part I,2017,https://doi.org/10.29008/etc2017-100,,1,False,UNSCREENED,"[{""abstract_available"": false, ""db"": ""openalex"", ""query"": ""non-axisymmetric tip clearance rotor performance"", ""rank"": 48, ""source_id"": ""doi:10.29008/etc2017-100""}]"
doi:10.31651/2076-5886-2022-1-4-18,NUMERICAL METHODS FOR THE INVESTIGATION OF THE AERODYNAMIC NOISE OF A HELICOPTER ROTOR,2022,https://doi.org/10.31651/2076-5886-2022-1-4-18,,1,False,UNSCREENED,"[{""abstract_available"": false, ""db"": ""crossref"", ""query"": ""segmented shroud rotor duct seam aerodynamic"", ""rank"": 36, ""source_id"": ""doi:10.31651/2076-5886-2022-1-4-18""}]"
doi:10.33863/cmea.v6i1.2628,Pengaruh Penambahan Becker Mewis Duct pada Perfoma Propeller B-series,2024,https://doi.org/10.33863/cmea.v6i1.2628,"Pollution due to sea transportation is a problem that requires consistent handling.
Recent years of research in the field of shipping have focused on reducing exhaust emissions by
increasing fuel efficiency and decarbonization. Decarbonization in the shipping industry can be
achieved by using energy saving devices to reduce fuel consumption. The Energy Saving Device
commonly used in the shipping world is the Becker-Mewis duct (BMD). This study used a
variation of the NACA profile on the Becker-Mewis duct fin. The CFD (Computational Fluid
Dynamics) method is used to analyze the thrust coefficient and torque coefficient. Becker-Mewis
duct was added to increase thrust and torque values. From the results of the analysis that has
been carried out without variations from NACA, the thrust coefficient is 0.1526, the torque
coefficient is 0.0162 and the efficiency is 0.5261. With the NACA 4412 variation, it has a thrust
coefficient of 0.2579, a torque coefficient of 0.0252 and an efficiency of 0.5728. The NACA 4415
variation has a thrust coefficient of 0.2663, a torque coefficient of 0.0260 and an efficiency of
0.5743. With increased efficiency, the addition of Becker-Mewis duct can increase the
performance of the propeller",1,False,UNSCREENED,"[{""abstract_available"": true, ""db"": ""crossref"", ""query"": ""foldable duct propeller rotor"", ""rank"": 20, ""source_id"": ""doi:10.33863/cmea.v6i1.2628""}]"
doi:10.3390/aerospace11010017,An Unsteady Reynolds–Averaged Navier–Stokes–Large Eddy Simulation Study of Propeller–Airframe Interaction in Distributed Electric Propulsion,2023,https://doi.org/10.3390/aerospace11010017,,1,False,UNSCREENED,"[{""abstract_available"": false, ""db"": ""openalex"", ""query"": ""foldable duct propeller rotor"", ""rank"": 42, ""source_id"": ""doi:10.3390/aerospace11010017""}]"
doi:10.3390/app10175998,Dynamic Analysis of Cavitation Tip Vortex of Pump-Jet Propeller Based on DES,2020,https://doi.org/10.3390/app10175998,,1,False,UNSCREENED,"[{""abstract_available"": false, ""db"": ""openalex"", ""query"": ""non-axisymmetric tip clearance rotor performance"", ""rank"": 23, ""source_id"": ""doi:10.3390/app10175998""}]"
doi:10.3390/electronics8121428,Research on the Control Algorithm of Coaxial Rotor Aircraft based on Sliding Mode and PID,2019,https://doi.org/10.3390/electronics8121428,,1,False,UNSCREENED,"[{""abstract_available"": false, ""db"": ""openalex"", ""query"": ""foldable duct propeller rotor"", ""rank"": 21, ""source_id"": ""doi:10.3390/electronics8121428""}]"
doi:10.3390/en81010736,Rotor Design for Diffuser Augmented Wind Turbines,2015,https://doi.org/10.3390/en81010736,,1,False,UNSCREENED,"[{""abstract_available"": false, ""db"": ""openalex"", ""query"": ""non-axisymmetric tip clearance rotor performance"", ""rank"": 30, ""source_id"": ""doi:10.3390/en81010736""}]"
doi:10.3390/jmse11091674,Influence of Load Conditions on the Propeller Wake Evolution,2023,https://doi.org/10.3390/jmse11091674,,1,False,UNSCREENED,"[{""abstract_available"": false, ""db"": ""openalex"", ""query"": ""foldable duct propeller rotor"", ""rank"": 26, ""source_id"": ""doi:10.3390/jmse11091674""}]"
doi:10.3390/s19071482,Identification of Vibration Events in Rotating Blades Using a Fiber Optical Tip Timing Sensor,2019,https://doi.org/10.3390/s19071482,,1,False,UNSCREENED,"[{""abstract_available"": false, ""db"": ""openalex"", ""query"": ""tip clearance optical capacitive measurement fan blade"", ""rank"": 7, ""source_id"": ""doi:10.3390/s19071482""}]"
doi:10.3390/s19102244,Performance Comparison of Three Fibre-Based Reflective Optical Sensors for Aero Engine Monitorization,2019,https://doi.org/10.3390/s19102244,,1,False,UNSCREENED,"[{""abstract_available"": false, ""db"": ""openalex"", ""query"": ""tip clearance optical capacitive measurement fan blade"", ""rank"": 19, ""source_id"": ""doi:10.3390/s19102244""}]"
doi:10.3390/s24227115,Aerodynamic Analysis of Rotor Spacing and Attitude Transition in Tilt-Powered Coaxial Rotor UAV,2024,https://doi.org/10.3390/s24227115,,1,False,UNSCREENED,"[{""abstract_available"": false, ""db"": ""openalex"", ""query"": ""foldable duct propeller rotor"", ""rank"": 24, ""source_id"": ""doi:10.3390/s24227115""}]"
doi:10.3390/vibration7010013,"Micro-Vibration Analysis, Suppression, and Isolation of Spacecraft Flywheel Rotor Systems: A Review",2024,https://doi.org/10.3390/vibration7010013,,1,False,UNSCREENED,"[{""abstract_available"": false, ""db"": ""openalex"", ""query"": ""ducted fan tip clearance ovality"", ""rank"": 48, ""source_id"": ""doi:10.3390/vibration7010013""}]"
doi:10.34759/vst-2020-1-7-18,Fuselage and duct interference effect on maximum thrust of the air pushing propeller-duct thruster,2020,https://doi.org/10.34759/vst-2020-1-7-18,,1,False,UNSCREENED,"[{""abstract_available"": false, ""db"": ""crossref"", ""query"": ""foldable duct propeller rotor"", ""rank"": 36, ""source_id"": ""doi:10.34759/vst-2020-1-7-18""}]"
doi:10.47176/jafm.15.01.32753,Influence of Blade Lean on Performance and Shock Wave/Tip Leakage Flow Interaction in a Transonic Compressor Rotor,2021,https://doi.org/10.47176/jafm.15.01.32753,,1,False,UNSCREENED,"[{""abstract_available"": false, ""db"": ""openalex"", ""query"": ""non-axisymmetric tip clearance rotor performance"", ""rank"": 39, ""source_id"": ""doi:10.47176/jafm.15.01.32753""}]"
doi:10.47176/jafm.18.2.2813,Numerical Investigation on the Cavitating Flow and the Cavitation-induced Noise in the Pump-jet Propeller,2024,https://doi.org/10.47176/jafm.18.2.2813,,1,False,UNSCREENED,"[{""abstract_available"": false, ""db"": ""openalex"", ""query"": ""foldable duct propeller rotor"", ""rank"": 40, ""source_id"": ""doi:10.47176/jafm.18.2.2813""}]"
doi:10.47191/etj/v11i05.22,Analysis and Optimization of Rotor-Rotor-Structure Aerodynamic Interactions of a Quadcopter Drone using High-Fidelity CFD and Artificial Intelligence: Application to Precision Agriculture,2026,https://doi.org/10.47191/etj/v11i05.22,"This article proposes a method for analyzing and optimizing complex aerodynamic interactions within a precision agriculture quadcopter. The objective is to reduce thrust losses and instabilities generated by rotor-rotor-structure interference and wake effects disrupting liquid distribution. The study combines high-fidelity computational fluid dynamics (CFD) with artificial intelligence. Unsteady URANS simulations generated a 35,000-point database capturing turbulent kinetic energy. This dataset trained a Deep Learning surrogate model approximating Navier-Stokes equations with an exceptional correlation coefficient. Crucially, a  acceleration factor reduces diagnostic time from 3600 seconds to 0.4 milliseconds per configuration. This performance enabled a genetic algorithm to explore the Pareto front, proving that optimizing rotor spacing and using NACA arm airfoils reduces interference by 22% and improves energy efficiency by 14.8%. The analysis incorporates frequency-field spectroscopy (FFT), identifying vibrational peaks within 0.1 Hz, while flight robustness is validated by the Lyapunov stability criterion against liquid sloshing. This optimization minimizes droplet drift, keeping the coefficient of variation below 10%. This AI-CFD coupling transforms the drone into a proactive digital twin capable of real-time trajectory adjustments, ensuring optimal crop coverage and a minimized environmental footprint.",1,False,UNSCREENED,"[{""abstract_available"": true, ""db"": ""crossref"", ""query"": ""segmented shroud rotor duct seam aerodynamic"", ""rank"": 35, ""source_id"": ""doi:10.47191/etj/v11i05.22""}]"
doi:10.70675/070e9585z83a7z4b73z8fb2z5b5084771fc7,Experimental study of the rotor-rotor aerodynamic interaction of a counter-rotating centrifugal compressor,,https://doi.org/10.70675/070e9585z83a7z4b73z8fb2z5b5084771fc7,"Étude expérimentale de l'interaction aérodynamique rotor-rotor pour un compresseur centrifuge contrarotatif
                L’objectif de la thèse est d’étudier d’une part l’effet du système contrarotatif surles performances du compresseur centrifuge et d’autre part l’influence de le système sur lazone de pompage lorsque le débit massique est très faible. Le mono rotor du compresseurcentrifuge conventionnel est remplacé par deux rotors qui tournent en sens inverse et ayantla même taille. Les autres composants du compresseur sont préservés. L’étude expérimentalemontre que l’utilisation d’un système contrarotatif améliore non seulement les performancesdu compresseur à des vitesses de rotation inférieures à la vitesse de conception, mais diminueaussi la zone de pompage. Le compresseur fonctionnant en mode contrarotatif offre unmeilleur taux de compression ainsi qu’un meilleur rendement que le compresseur conventionnel.Pour améliorer la zone de pompage, un mode de co-rotation est adopté pour permettreau compresseur de fonctionner à un débit inférieur à celui du compresseur de référence. Lalimite du pompage est alors repoussée jusqu’à 24%-28% de la plage de fonctionnement ducompresseur, vers les débits plus faibles. Le point limite est atteint lorsque la vitesse derotation du rotor en amont est comprise entre 48% et 64% de celle du rotor en aval. Lesrésultats de cette étude jouent un rôle important dans le développement d’une nouvellegénération de compresseur centrifuge pouvant fo",1,False,UNSCREENED,"[{""abstract_available"": true, ""db"": ""crossref"", ""query"": ""segmented shroud rotor duct seam aerodynamic"", ""rank"": 15, ""source_id"": ""doi:10.70675/070e9585z83a7z4b73z8fb2z5b5084771fc7""}]"
doi:10.70675/4799347dz49d5z4c8fzb611zb9dcd99dcd7d,Aerodynamic simulations of helicopter main-rotor blade tips,,https://doi.org/10.70675/4799347dz49d5z4c8fzb611zb9dcd99dcd7d,"Simulation aérodynamique d'extrémités de pales de rotors sustentateurs d'hélicoptère
                L’aérodynamique de l’hélicoptère est fortement impactée par les tourbillons générés aux extrémités de pales. La complexité des phénomènes en jeux et l’insuffisance de données expérimentales locales font du design d’extrémité un véritable défi. Cette étude propose une nouvelle approche dédiée à l’étude des extrémités en vol stationnaire. Une méthode numérique rapide et précise est mise au point afin d’étudier une extrémité de pale en rotation comme une extrémité d’aile fixe. Chaque étape de la construction de la méthode est validée par des comparaisons détaillées avec des données expérimentales publiées. Le code CFD elsA est dans un premier temps utilisé pour mettre en place une méthode de calcul basée sur la résolution des équations Reynolds-Averaged Navier-Stokes en stationnaire. La convergence de la solution et l’indépendance au maillage et aux paramètres numériques sont étudiées en détail en deux, puis en trois dimensions. La précision importante de la solution numérique permet d’analyser finement la physique de l’enroulement tourbillonnaire en extrémité. Des géométries tronquée et arrondie sont étudiées en détail, et révèlent la présence de systèmes tourbillonnaires complexes. Puis la nouvelle méthode d’adaptation pale en rotation / aile fixe est présentée. Une méthode de calcul hybride est mise au point entre le code de mécanique du vol HOST et le code elsA. En repère fix",1,False,UNSCREENED,"[{""abstract_available"": true, ""db"": ""crossref"", ""query"": ""segmented shroud rotor duct seam aerodynamic"", ""rank"": 21, ""source_id"": ""doi:10.70675/4799347dz49d5z4c8fzb611zb9dcd99dcd7d""}]"
https://openalex.org/w123476440,Rotorcraft convertible engine study,1982,https://openalex.org/W123476440,,1,False,UNSCREENED,"[{""abstract_available"": false, ""db"": ""openalex"", ""query"": ""ducted fan tip clearance ovality"", ""rank"": 45, ""source_id"": ""https://openalex.org/W123476440""}]"
https://openalex.org/w2290685123,Measurements of rotor stalling in a matched and a mismatched multistage compressor,1995,https://openalex.org/W2290685123,,1,False,UNSCREENED,"[{""abstract_available"": false, ""db"": ""openalex"", ""query"": ""non-axisymmetric tip clearance rotor performance"", ""rank"": 31, ""source_id"": ""https://openalex.org/W2290685123""}]"
https://openalex.org/w2584888289,Modelling and control of a twin rotor MIMO system.,2001,https://openalex.org/W2584888289,,1,False,UNSCREENED,"[{""abstract_available"": false, ""db"": ""openalex"", ""query"": ""foldable duct propeller rotor"", ""rank"": 10, ""source_id"": ""https://openalex.org/W2584888289""}]"
https://openalex.org/w261879843,NDARC NASA Design and Analysis of Rotorcraft,2013,https://openalex.org/W261879843,,1,False,UNSCREENED,"[{""abstract_available"": false, ""db"": ""openalex"", ""query"": ""foldable duct propeller rotor"", ""rank"": 29, ""source_id"": ""https://openalex.org/W261879843""}]"
https://openalex.org/w288541222,The History of the XV-15 Tilt Rotor Research Aircraft: From Concept to Flight,2000,https://openalex.org/W288541222,,1,False,UNSCREENED,"[{""abstract_available"": false, ""db"": ""openalex"", ""query"": ""foldable duct propeller rotor"", ""rank"": 1, ""source_id"": ""https://openalex.org/W288541222""}]"
https://openalex.org/w850317772,Integration of Rotor Aerodynamic Optimization with the Conceptual Design of a Large Civil Tiltrotor,2010,https://openalex.org/W850317772,,1,False,UNSCREENED,"[{""abstract_available"": false, ""db"": ""openalex"", ""query"": ""non-axisymmetric tip clearance rotor performance"", ""rank"": 44, ""source_id"": ""https://openalex.org/W850317772""}]"
doi:10.1001/jama.1952.02930300087047,Handbook of Basic Microtechnique,1952,https://doi.org/10.1001/jama.1952.02930300087047,,0,False,UNSCREENED,"[{""abstract_available"": false, ""db"": ""openalex"", ""query"": ""ducted fan tip clearance ovality"", ""rank"": 25, ""source_id"": ""doi:10.1001/jama.1952.02930300087047""}]"
doi:10.1002/14651858.cd011549,Endoscopic ultrasound versus magnetic resonance cholangiopancreatography for common bile duct stones,2015,https://doi.org/10.1002/14651858.cd011549,,0,False,UNSCREENED,"[{""abstract_available"": false, ""db"": ""openalex"", ""query"": ""ducted fan tip clearance ovality"", ""rank"": 1, ""source_id"": ""doi:10.1002/14651858.cd011549""}]"
doi:10.1002/jum.15517,Ultrasound‐Guided Breast Biopsies,2020,https://doi.org/10.1002/jum.15517,,0,False,UNSCREENED,"[{""abstract_available"": false, ""db"": ""openalex"", ""query"": ""ducted fan tip clearance ovality"", ""rank"": 21, ""source_id"": ""doi:10.1002/jum.15517""}]"
doi:10.1007/978-1-4899-1627-3_2,Feline Oncoretroviruses,1993,https://doi.org/10.1007/978-1-4899-1627-3_2,,0,False,UNSCREENED,"[{""abstract_available"": false, ""db"": ""openalex"", ""query"": ""ducted fan tip clearance ovality"", ""rank"": 47, ""source_id"": ""doi:10.1007/978-1-4899-1627-3_2""}]"
doi:10.1007/s00231-019-02803-x,Assessment of the naphthalene sublimation technique for determination of convective heat transfer in fundamental and industrial applications,2019,https://doi.org/10.1007/s00231-019-02803-x,,0,False,UNSCREENED,"[{""abstract_available"": false, ""db"": ""openalex"", ""query"": ""ducted fan tip clearance ovality"", ""rank"": 38, ""source_id"": ""doi:10.1007/s00231-019-02803-x""}]"
doi:10.1007/s12016-021-08859-0,Current Perspectives on Severe Drug Eruption,2021,https://doi.org/10.1007/s12016-021-08859-0,,0,False,UNSCREENED,"[{""abstract_available"": false, ""db"": ""openalex"", ""query"": ""ducted fan tip clearance ovality"", ""rank"": 33, ""source_id"": ""doi:10.1007/s12016-021-08859-0""}]"
doi:10.1007/s40313-021-00740-x,"Aircraft Hybrid-Electric Propulsion: Development Trends, Challenges and Opportunities",2021,https://doi.org/10.1007/s40313-021-00740-x,,0,False,UNSCREENED,"[{""abstract_available"": false, ""db"": ""openalex"", ""query"": ""foldable duct propeller rotor"", ""rank"": 38, ""source_id"": ""doi:10.1007/s40313-021-00740-x""}]"
doi:10.1016/j.apacoust.2021.108488,Combined acoustic and aerodynamic investigation of the effect of inlet geometry on tip leakage flow noise of free-inlet free-exhaust low-speed axial flow fans,2021,https://doi.org/10.1016/j.apacoust.2021.108488,,0,False,UNSCREENED,"[{""abstract_available"": false, ""db"": ""openalex"", ""query"": ""ducted fan non-uniform tip clearance experimental"", ""rank"": 46, ""source_id"": ""doi:10.1016/j.apacoust.2021.108488""}]"
doi:10.1016/j.apm.2020.08.074,Numerical simulation of the performance of a centrifugal pump with a semi-open impeller under normal and cavitating conditions,2020,https://doi.org/10.1016/j.apm.2020.08.074,,0,False,UNSCREENED,"[{""abstract_available"": false, ""db"": ""openalex"", ""query"": ""non-axisymmetric tip clearance rotor performance"", ""rank"": 32, ""source_id"": ""doi:10.1016/j.apm.2020.08.074""}]"
doi:10.1016/j.ast.2023.108307,High-fidelity aerodynamic and acoustic design and analysis of a heavy-lift eVTOL,2023,https://doi.org/10.1016/j.ast.2023.108307,,0,False,UNSCREENED,"[{""abstract_available"": false, ""db"": ""openalex"", ""query"": ""foldable duct propeller rotor"", ""rank"": 35, ""source_id"": ""doi:10.1016/j.ast.2023.108307""}]"
doi:10.1016/j.ast.2024.109011,Numerical simulation of distributed propulsion systems using CFD,2024,https://doi.org/10.1016/j.ast.2024.109011,,0,False,UNSCREENED,"[{""abstract_available"": false, ""db"": ""openalex"", ""query"": ""foldable duct propeller rotor"", ""rank"": 16, ""source_id"": ""doi:10.1016/j.ast.2024.109011""}]"
doi:10.1016/j.biosystemseng.2019.11.016,Optimisation of a multi-duct cleaning device for rice combine harvesters utilising CFD and experiments,2019,https://doi.org/10.1016/j.biosystemseng.2019.11.016,,0,False,UNSCREENED,"[{""abstract_available"": false, ""db"": ""openalex"", ""query"": ""ducted fan non-uniform tip clearance experimental"", ""rank"": 3, ""source_id"": ""doi:10.1016/j.biosystemseng.2019.11.016""}]"
doi:10.1016/j.cja.2017.02.019,Investigation of high-speed abrasion behavior of an abradable seal rubber in aero-engine fan application,2017,https://doi.org/10.1016/j.cja.2017.02.019,,0,False,UNSCREENED,"[{""abstract_available"": false, ""db"": ""openalex"", ""query"": ""ducted fan non-uniform tip clearance experimental"", ""rank"": 40, ""source_id"": ""doi:10.1016/j.cja.2017.02.019""}]"
doi:10.1016/j.cja.2022.04.011,Non-synchronous blade vibration analysis of a transonic fan,2022,https://doi.org/10.1016/j.cja.2022.04.011,,0,False,UNSCREENED,"[{""abstract_available"": false, ""db"": ""openalex"", ""query"": ""ducted fan tip clearance ovality"", ""rank"": 3, ""source_id"": ""doi:10.1016/j.cja.2022.04.011""}]"
doi:10.1016/j.energy.2014.03.021,INVELOX: Description of a new concept in wind power and its performance evaluation,2014,https://doi.org/10.1016/j.energy.2014.03.021,,0,False,UNSCREENED,"[{""abstract_available"": false, ""db"": ""openalex"", ""query"": ""non-axisymmetric tip clearance rotor performance"", ""rank"": 29, ""source_id"": ""doi:10.1016/j.energy.2014.03.021""}]"
doi:10.1016/j.energy.2024.131062,Experimental reconstruction of the local flow field in a Wells turbine using a three-dimensional pressure probe,2024,https://doi.org/10.1016/j.energy.2024.131062,,0,False,UNSCREENED,"[{""abstract_available"": false, ""db"": ""openalex"", ""query"": ""tip clearance optical capacitive measurement fan blade"", ""rank"": 39, ""source_id"": ""doi:10.1016/j.energy.2024.131062""}]"
doi:10.1016/j.ijheatfluidflow.2014.06.006,Methodology for experimental validation of a CFD model for predicting noise generation in centrifugal compressors,2014,https://doi.org/10.1016/j.ijheatfluidflow.2014.06.006,,0,False,UNSCREENED,"[{""abstract_available"": false, ""db"": ""openalex"", ""query"": ""ducted fan non-uniform tip clearance experimental"", ""rank"": 18, ""source_id"": ""doi:10.1016/j.ijheatfluidflow.2014.06.006""}]"
doi:10.1016/j.ijnaoe.2015.10.001,CFD prediction and simulation of a pumpjet propulsor,2016,https://doi.org/10.1016/j.ijnaoe.2015.10.001,,0,False,UNSCREENED,"[{""abstract_available"": false, ""db"": ""openalex"", ""query"": ""non-axisymmetric tip clearance rotor performance"", ""rank"": 41, ""source_id"": ""doi:10.1016/j.ijnaoe.2015.10.001""}]"
doi:10.1016/j.ijnaoe.2019.10.001,Numerical analysis of unsteady hydrodynamic performance of pump-jet propulsor in oblique flow,2019,https://doi.org/10.1016/j.ijnaoe.2019.10.001,,0,False,UNSCREENED,"[{""abstract_available"": false, ""db"": ""openalex"", ""query"": ""non-axisymmetric tip clearance rotor performance"", ""rank"": 50, ""source_id"": ""doi:10.1016/j.ijnaoe.2019.10.001""}]"
doi:10.1016/j.jsv.2019.01.005,Large Eddy Simulation of a scale-model turbofan for fan noise source diagnostic,2019,https://doi.org/10.1016/j.jsv.2019.01.005,,0,False,UNSCREENED,"[{""abstract_available"": false, ""db"": ""openalex"", ""query"": ""ducted fan non-uniform tip clearance experimental"", ""rank"": 13, ""source_id"": ""doi:10.1016/j.jsv.2019.01.005""}]"
doi:10.1016/j.jweia.2013.01.010,Small-scale wind energy portable turbine (SWEPT),2013,https://doi.org/10.1016/j.jweia.2013.01.010,,0,False,UNSCREENED,"[{""abstract_available"": false, ""db"": ""openalex"", ""query"": ""foldable duct propeller rotor"", ""rank"": 50, ""source_id"": ""doi:10.1016/j.jweia.2013.01.010""}]"
doi:10.1016/j.rser.2015.12.189,"Hydrokinetic energy conversion: Technology, research, and outlook",2016,https://doi.org/10.1016/j.rser.2015.12.189,,0,False,UNSCREENED,"[{""abstract_available"": false, ""db"": ""openalex"", ""query"": ""foldable duct propeller rotor"", ""rank"": 36, ""source_id"": ""doi:10.1016/j.rser.2015.12.189""}]"
doi:10.1016/j.rser.2019.109270,Future emerging technologies in the wind power sector: A European perspective,2019,https://doi.org/10.1016/j.rser.2019.109270,,0,False,UNSCREENED,"[{""abstract_available"": false, ""db"": ""openalex"", ""query"": ""foldable duct propeller rotor"", ""rank"": 14, ""source_id"": ""doi:10.1016/j.rser.2019.109270""}]"
doi:10.1016/j.semcdb.2020.07.013,Primary cilia biogenesis and associated retinal ciliopathies,2020,https://doi.org/10.1016/j.semcdb.2020.07.013,,0,False,UNSCREENED,"[{""abstract_available"": false, ""db"": ""openalex"", ""query"": ""ducted fan tip clearance ovality"", ""rank"": 16, ""source_id"": ""doi:10.1016/j.semcdb.2020.07.013""}]"
doi:10.1016/j.wear.2018.05.010,"Slurry erosion of steel – Review of tests, mechanisms and materials",2018,https://doi.org/10.1016/j.wear.2018.05.010,,0,False,UNSCREENED,"[{""abstract_available"": false, ""db"": ""openalex"", ""query"": ""foldable duct propeller rotor"", ""rank"": 48, ""source_id"": ""doi:10.1016/j.wear.2018.05.010""}]"
doi:10.1016/s1000-9361(11)60081-2,A Model to Predict Stall Inception of Transonic Axial Flow Fan/Compressors,2011,https://doi.org/10.1016/s1000-9361(11)60081-2,,0,False,UNSCREENED,"[{""abstract_available"": false, ""db"": ""openalex"", ""query"": ""ducted fan non-uniform tip clearance experimental"", ""rank"": 26, ""source_id"": ""doi:10.1016/s1000-9361(11)60081-2""}]"
doi:10.1021/acsbiomaterials.4c02264,Stimuli-Responsive Self-Healing Ionic Gels: A Promising Approach for Dermal and Tissue Engineering Applications,2025,https://doi.org/10.1021/acsbiomaterials.4c02264,,0,False,UNSCREENED,"[{""abstract_available"": false, ""db"": ""openalex"", ""query"": ""tip clearance optical capacitive measurement fan blade"", ""rank"": 43, ""source_id"": ""doi:10.1021/acsbiomaterials.4c02264""}]"
doi:10.1049/smt2.12071,A non‐contact gap measurement method for narrow and irregular targets using inductive planar sensors with simple calibration,2021,https://doi.org/10.1049/smt2.12071,,0,False,UNSCREENED,"[{""abstract_available"": false, ""db"": ""openalex"", ""query"": ""tip clearance optical capacitive measurement fan blade"", ""rank"": 26, ""source_id"": ""doi:10.1049/smt2.12071""}]"
doi:10.1051/aacus/2020021,Computational aeroacoustics of the EAA benchmark case of an axial fan,2020,https://doi.org/10.1051/aacus/2020021,,0,False,UNSCREENED,"[{""abstract_available"": false, ""db"": ""openalex"", ""query"": ""ducted fan non-uniform tip clearance experimental"", ""rank"": 28, ""source_id"": ""doi:10.1051/aacus/2020021""}]"
doi:10.1051/aacus/2023060,Numerical flow noise simulation of an axial fan with a Lattice-Boltzmann solver,2023,https://doi.org/10.1051/aacus/2023060,,0,False,UNSCREENED,"[{""abstract_available"": false, ""db"": ""openalex"", ""query"": ""ducted fan non-uniform tip clearance experimental"", ""rank"": 49, ""source_id"": ""doi:10.1051/aacus/2023060""}]"
doi:10.1088/1538-3873/ab1d78,Binospec: A Wide-field Imaging Spectrograph for the MMT,2019,https://doi.org/10.1088/1538-3873/ab1d78,,0,False,UNSCREENED,"[{""abstract_available"": false, ""db"": ""openalex"", ""query"": ""tip clearance optical capacitive measurement fan blade"", ""rank"": 32, ""source_id"": ""doi:10.1088/1538-3873/ab1d78""}]"
doi:10.1101/gad.263145.115,"Origins, genetic landscape, and emerging therapies of small cell lung cancer",2015,https://doi.org/10.1101/gad.263145.115,,0,False,UNSCREENED,"[{""abstract_available"": false, ""db"": ""openalex"", ""query"": ""ducted fan tip clearance ovality"", ""rank"": 14, ""source_id"": ""doi:10.1101/gad.263145.115""}]"
doi:10.1109/aero.2005.1559651,Eddy current sensor signal processing for stall detection,2005,https://doi.org/10.1109/aero.2005.1559651,,0,False,UNSCREENED,"[{""abstract_available"": false, ""db"": ""openalex"", ""query"": ""tip clearance optical capacitive measurement fan blade"", ""rank"": 20, ""source_id"": ""doi:10.1109/aero.2005.1559651""}]"
doi:10.1109/jsen.2022.3177177,Real-Time Wireless Pressure Sensing System for Stall and Loading Measurements in the Rotating Frame of Reference for a Low Speed Compressor,2022,https://doi.org/10.1109/jsen.2022.3177177,,0,False,UNSCREENED,"[{""abstract_available"": false, ""db"": ""openalex"", ""query"": ""tip clearance optical capacitive measurement fan blade"", ""rank"": 35, ""source_id"": ""doi:10.1109/jsen.2022.3177177""}]"
doi:10.1109/tro.2021.3084395,"Past, Present, and Future of Aerial Robotic Manipulators",2021,https://doi.org/10.1109/tro.2021.3084395,,0,False,UNSCREENED,"[{""abstract_available"": false, ""db"": ""openalex"", ""query"": ""foldable duct propeller rotor"", ""rank"": 13, ""source_id"": ""doi:10.1109/tro.2021.3084395""}]"
doi:10.1111/joa.12344,The development of the mammalian outer and middle ear,2015,https://doi.org/10.1111/joa.12344,,0,False,UNSCREENED,"[{""abstract_available"": false, ""db"": ""openalex"", ""query"": ""ducted fan tip clearance ovality"", ""rank"": 7, ""source_id"": ""doi:10.1111/joa.12344""}]"
doi:10.1115/1.4043644,Stall Inception in a Boundary Layer Ingesting Fan,2019,https://doi.org/10.1115/1.4043644,,0,False,UNSCREENED,"[{""abstract_available"": false, ""db"": ""openalex"", ""query"": ""ducted fan non-uniform tip clearance experimental"", ""rank"": 11, ""source_id"": ""doi:10.1115/1.4043644""}]"
doi:10.1115/1.4055386,Fan Stability Enhancement With Partial Casing Treatments,2022,https://doi.org/10.1115/1.4055386,,0,False,UNSCREENED,"[{""abstract_available"": false, ""db"": ""openalex"", ""query"": ""ducted fan non-uniform tip clearance experimental"", ""rank"": 45, ""source_id"": ""doi:10.1115/1.4055386""}]"
doi:10.1115/1.4055424,InstabilitiesEverywhere!Hard Problems in Aero-Engines,2022,https://doi.org/10.1115/1.4055424,,0,False,UNSCREENED,"[{""abstract_available"": false, ""db"": ""openalex"", ""query"": ""ducted fan tip clearance ovality"", ""rank"": 24, ""source_id"": ""doi:10.1115/1.4055424""}]"
doi:10.1115/gt2002-30368,Self-Recirculating Casing Treatment Concept for Enhanced Compressor Performance,2002,https://doi.org/10.1115/gt2002-30368,,0,False,UNSCREENED,"[{""abstract_available"": false, ""db"": ""openalex"", ""query"": ""non-axisymmetric tip clearance rotor performance"", ""rank"": 15, ""source_id"": ""doi:10.1115/gt2002-30368""}]"
doi:10.1115/gt2015-43628,Self-Excited Blade Vibration Experimentally Investigated in Transonic Compressors: Rotating Instabilities and Flutter,2015,https://doi.org/10.1115/gt2015-43628,,0,False,UNSCREENED,"[{""abstract_available"": false, ""db"": ""openalex"", ""query"": ""non-axisymmetric tip clearance rotor performance"", ""rank"": 10, ""source_id"": ""doi:10.1115/gt2015-43628""}]"
doi:10.1115/gt2017-63807,Development of a Combined Eddy Current and Pressure Sensor for Gas Turbine Blade Health Monitoring,2017,https://doi.org/10.1115/gt2017-63807,,0,False,UNSCREENED,"[{""abstract_available"": false, ""db"": ""openalex"", ""query"": ""tip clearance optical capacitive measurement fan blade"", ""rank"": 10, ""source_id"": ""doi:10.1115/gt2017-63807""}]"
doi:10.1115/gt2018-75153,Stall Inception in Low Pressure Ratio Fans,2018,https://doi.org/10.1115/gt2018-75153,,0,False,UNSCREENED,"[{""abstract_available"": false, ""db"": ""openalex"", ""query"": ""ducted fan non-uniform tip clearance experimental"", ""rank"": 21, ""source_id"": ""doi:10.1115/gt2018-75153""}]"
doi:10.1115/gt2019-91361,"Theoretical and Experimental Investigation of a Small-Scale, High-Speed, and Oil-Free Radial Anode Off-Gas Recirculation Fan for Solid Oxide Fuel Cell Systems",2019,https://doi.org/10.1115/gt2019-91361,,0,False,UNSCREENED,"[{""abstract_available"": false, ""db"": ""openalex"", ""query"": ""tip clearance optical capacitive measurement fan blade"", ""rank"": 31, ""source_id"": ""doi:10.1115/gt2019-91361""}]"
doi:10.1124/pharmrev.122.000684,Pharmacology of Heparin and Related Drugs: An Update,2023,https://doi.org/10.1124/pharmrev.122.000684,,0,False,UNSCREENED,"[{""abstract_available"": false, ""db"": ""openalex"", ""query"": ""ducted fan tip clearance ovality"", ""rank"": 28, ""source_id"": ""doi:10.1124/pharmrev.122.000684""}]"
doi:10.1126/sciadv.adk9878,Macrophage depletion protects against cisplatin-induced ototoxicity and nephrotoxicity,2024,https://doi.org/10.1126/sciadv.adk9878,,0,False,UNSCREENED,"[{""abstract_available"": false, ""db"": ""openalex"", ""query"": ""ducted fan tip clearance ovality"", ""rank"": 36, ""source_id"": ""doi:10.1126/sciadv.adk9878""}]"
doi:10.1146/annurev-physiol-021014-071931,Cilia Dysfunction in Lung Disease,2014,https://doi.org/10.1146/annurev-physiol-021014-071931,,0,False,UNSCREENED,"[{""abstract_available"": false, ""db"": ""openalex"", ""query"": ""ducted fan non-uniform tip clearance experimental"", ""rank"": 24, ""source_id"": ""doi:10.1146/annurev-physiol-021014-071931""}]"
doi:10.1155/2013/526192,A Critical Review of Stall Control Techniques in Industrial Fans,2013,https://doi.org/10.1155/2013/526192,,0,False,UNSCREENED,"[{""abstract_available"": false, ""db"": ""openalex"", ""query"": ""ducted fan non-uniform tip clearance experimental"", ""rank"": 39, ""source_id"": ""doi:10.1155/2013/526192""}]"
doi:10.1155/2020/8882858,High-Precision Extraction Method for Blade Tip-Timing Signal with Eddy Current Sensor,2020,https://doi.org/10.1155/2020/8882858,,0,False,UNSCREENED,"[{""abstract_available"": false, ""db"": ""openalex"", ""query"": ""tip clearance optical capacitive measurement fan blade"", ""rank"": 16, ""source_id"": ""doi:10.1155/2020/8882858""}]"
doi:10.1186/2046-2530-2-6,"Functional aspects of primary cilia in signaling, cell cycle and tumorigenesis",2013,https://doi.org/10.1186/2046-2530-2-6,,0,False,UNSCREENED,"[{""abstract_available"": false, ""db"": ""openalex"", ""query"": ""ducted fan tip clearance ovality"", ""rank"": 6, ""source_id"": ""doi:10.1186/2046-2530-2-6""}]"
doi:10.1186/s12951-023-02145-1,Exosomes from umbilical cord-derived mesenchymal stem cells combined with gelatin methacryloyl inhibit vein graft restenosis by enhancing endothelial functions,2023,https://doi.org/10.1186/s12951-023-02145-1,,0,False,UNSCREENED,"[{""abstract_available"": false, ""db"": ""openalex"", ""query"": ""ducted fan tip clearance ovality"", ""rank"": 39, ""source_id"": ""doi:10.1186/s12951-023-02145-1""}]"
doi:10.1186/s43251-024-00143-3,Research progress on calibration of bridge structural health monitoring sensing system,2024,https://doi.org/10.1186/s43251-024-00143-3,,0,False,UNSCREENED,"[{""abstract_available"": false, ""db"": ""openalex"", ""query"": ""tip clearance optical capacitive measurement fan blade"", ""rank"": 41, ""source_id"": ""doi:10.1186/s43251-024-00143-3""}]"
doi:10.1371/journal.pbio.3000538,A single-cell atlas of adult Drosophila ovary identifies transcriptional programs and somatic cell lineage regulating oogenesis,2020,https://doi.org/10.1371/journal.pbio.3000538,,0,False,UNSCREENED,"[{""abstract_available"": false, ""db"": ""openalex"", ""query"": ""ducted fan tip clearance ovality"", ""rank"": 29, ""source_id"": ""doi:10.1371/journal.pbio.3000538""}]"
doi:10.1387/ijdb.103109rk,Targeted expression of p35 reveals a role for caspases in formation of the adult abdominal cuticle in Drosophila,2011,https://doi.org/10.1387/ijdb.103109rk,,0,False,UNSCREENED,"[{""abstract_available"": false, ""db"": ""openalex"", ""query"": ""ducted fan tip clearance ovality"", ""rank"": 32, ""source_id"": ""doi:10.1387/ijdb.103109rk""}]"
doi:10.14279/depositonce-5935,A unified analytical approach for the acoustic conceptual design of fans of modern aero-engines,2017,https://doi.org/10.14279/depositonce-5935,,0,False,UNSCREENED,"[{""abstract_available"": false, ""db"": ""openalex"", ""query"": ""ducted fan non-uniform tip clearance experimental"", ""rank"": 42, ""source_id"": ""doi:10.14279/depositonce-5935""}]"
doi:10.1515/hsz-2021-0180,Hepatic stellate cells: current state and open questions,2021,https://doi.org/10.1515/hsz-2021-0180,,0,False,UNSCREENED,"[{""abstract_available"": false, ""db"": ""openalex"", ""query"": ""ducted fan tip clearance ovality"", ""rank"": 31, ""source_id"": ""doi:10.1515/hsz-2021-0180""}]"
doi:10.15226/2378-1726/6/2/00186,A Comprehensive Review of Acne Vulgaris,2019,https://doi.org/10.15226/2378-1726/6/2/00186,,0,False,UNSCREENED,"[{""abstract_available"": false, ""db"": ""openalex"", ""query"": ""ducted fan tip clearance ovality"", ""rank"": 20, ""source_id"": ""doi:10.15226/2378-1726/6/2/00186""}]"
doi:10.1593/tlo.10202,Identification and Validation of Src and Phospho-Src Family Proteins in Circulating Mononuclear Cells as Novel Biomarkers for Pancreatic Cancer,2011,https://doi.org/10.1593/tlo.10202,,0,False,UNSCREENED,"[{""abstract_available"": false, ""db"": ""openalex"", ""query"": ""ducted fan tip clearance ovality"", ""rank"": 27, ""source_id"": ""doi:10.1593/tlo.10202""}]"
doi:10.19080/etoaj.2021.04.555626,A Literature Review of Non-Contact Tools and Methods in Structural Health Monitoring,2021,https://doi.org/10.19080/etoaj.2021.04.555626,,0,False,UNSCREENED,"[{""abstract_available"": false, ""db"": ""openalex"", ""query"": ""tip clearance optical capacitive measurement fan blade"", ""rank"": 48, ""source_id"": ""doi:10.19080/etoaj.2021.04.555626""}]"
doi:10.20381/ruor-3011,Bladed Disk Crack Detection Through Advanced Analysis of Blade Passage Signals,2013,https://doi.org/10.20381/ruor-3011,,0,False,UNSCREENED,"[{""abstract_available"": false, ""db"": ""openalex"", ""query"": ""tip clearance optical capacitive measurement fan blade"", ""rank"": 30, ""source_id"": ""doi:10.20381/ruor-3011""}]"
doi:10.20944/preprints202107.0077.v1,High Temperature Magnetic Sensors,2021,https://doi.org/10.20944/preprints202107.0077.v1,,0,False,UNSCREENED,"[{""abstract_available"": false, ""db"": ""openalex"", ""query"": ""tip clearance optical capacitive measurement fan blade"", ""rank"": 40, ""source_id"": ""doi:10.20944/preprints202107.0077.v1""}]"
doi:10.2172/10179018,Advanced Turbine Technology Applications Project (ATTAP). Annual report 1992,1993,https://doi.org/10.2172/10179018,,0,False,UNSCREENED,"[{""abstract_available"": false, ""db"": ""openalex"", ""query"": ""segmented shroud rotor duct seam aerodynamic"", ""rank"": 9, ""source_id"": ""doi:10.2172/10179018""}]"
doi:10.2172/1219412,Measure Guideline: Sealing and Insulating Ducts in Existing Homes,2011,https://doi.org/10.2172/1219412,,0,False,UNSCREENED,"[{""abstract_available"": false, ""db"": ""openalex"", ""query"": ""ducted fan tip clearance ovality"", ""rank"": 5, ""source_id"": ""doi:10.2172/1219412""}]"
doi:10.2172/5449342,Preliminary design and economic investigations of Diffuser-Augmented Wind Turbines (DAWT),1981,https://doi.org/10.2172/5449342,,0,False,UNSCREENED,"[{""abstract_available"": false, ""db"": ""openalex"", ""query"": ""segmented shroud rotor duct seam aerodynamic"", ""rank"": 1, ""source_id"": ""doi:10.2172/5449342""}]"
doi:10.2172/7318031,High temperature turbine technology program. Phase I. Program and system definition. Topical report: low Btu gas combustor preliminary designs for three concepts,1977,https://doi.org/10.2172/7318031,,0,False,UNSCREENED,"[{""abstract_available"": false, ""db"": ""openalex"", ""query"": ""segmented shroud rotor duct seam aerodynamic"", ""rank"": 14, ""source_id"": ""doi:10.2172/7318031""}]"
doi:10.2172/943932,Active load control techniques for wind turbines.,2008,https://doi.org/10.2172/943932,,0,False,UNSCREENED,"[{""abstract_available"": false, ""db"": ""openalex"", ""query"": ""non-axisymmetric tip clearance rotor performance"", ""rank"": 47, ""source_id"": ""doi:10.2172/943932""}]"
doi:10.22214/ijraset.2017.11228,Condition Monitoring of Low Pressure Steam Turbine Blades,2017,https://doi.org/10.22214/ijraset.2017.11228,,0,False,UNSCREENED,"[{""abstract_available"": false, ""db"": ""openalex"", ""query"": ""tip clearance optical capacitive measurement fan blade"", ""rank"": 36, ""source_id"": ""doi:10.22214/ijraset.2017.11228""}]"
doi:10.24425/ather.2023.146556,"Effect of D-shaped, reverse D-shaped and U-shaped turbulators in solar air heater on thermo-hydraulic performance",2023,https://doi.org/10.24425/ather.2023.146556,,0,False,UNSCREENED,"[{""abstract_available"": false, ""db"": ""openalex"", ""query"": ""ducted fan tip clearance ovality"", ""rank"": 30, ""source_id"": ""doi:10.24425/ather.2023.146556""}]"
doi:10.24425/ather.2023.147535,Optimization of geometric and flow parameters of solar air heater roughened with artificial roughness by Taguchi method,2023,https://doi.org/10.24425/ather.2023.147535,,0,False,UNSCREENED,"[{""abstract_available"": false, ""db"": ""openalex"", ""query"": ""ducted fan tip clearance ovality"", ""rank"": 46, ""source_id"": ""doi:10.24425/ather.2023.147535""}]"
doi:10.2514/1.b35128,Multifidelity Multidisciplinary Whole-Engine Thermomechanical Design Optimization,2014,https://doi.org/10.2514/1.b35128,,0,False,UNSCREENED,"[{""abstract_available"": false, ""db"": ""openalex"", ""query"": ""non-axisymmetric tip clearance rotor performance"", ""rank"": 43, ""source_id"": ""doi:10.2514/1.b35128""}]"
doi:10.2514/5.9781600865183.0203.0219,Aircraft Far-Field Aerodynamic Noise: Its Measurement and Prediction,1976,https://doi.org/10.2514/5.9781600865183.0203.0219,,0,False,UNSCREENED,"[{""abstract_available"": false, ""db"": ""crossref"", ""query"": ""segmented shroud rotor duct seam aerodynamic"", ""rank"": 4, ""source_id"": ""doi:10.2514/5.9781600865183.0203.0219""}]"
doi:10.2514/5.9781600865183.0233.0249,Fan Noise and Control: Aerodynamic Sound Generation due-to the Interaction of an Unsteady Wake with a Rigid Surface,1976,https://doi.org/10.2514/5.9781600865183.0233.0249,,0,False,UNSCREENED,"[{""abstract_available"": false, ""db"": ""crossref"", ""query"": ""segmented shroud rotor duct seam aerodynamic"", ""rank"": 9, ""source_id"": ""doi:10.2514/5.9781600865183.0233.0249""}]"
doi:10.2514/5.9781600865183.0289.0306,Duct Acoustics: Influence of Grazing Flow on Duct Wall Normal Impedances,1976,https://doi.org/10.2514/5.9781600865183.0289.0306,,0,False,UNSCREENED,"[{""abstract_available"": false, ""db"": ""crossref"", ""query"": ""segmented shroud rotor duct seam aerodynamic"", ""rank"": 28, ""source_id"": ""doi:10.2514/5.9781600865183.0289.0306""}, {""abstract_available"": false, ""db"": ""crossref"", ""query"": ""foldable duct propeller rotor"", ""rank"": 19, ""source_id"": ""doi:10.2514/5.9781600865183.0289.0306""}]"
doi:10.2514/5.9781600865183.0331.0345,Duct Acoustics: Attenuation of the Sound Associated with a Plane Wave in a Multisectional Duct,1976,https://doi.org/10.2514/5.9781600865183.0331.0345,,0,False,UNSCREENED,"[{""abstract_available"": false, ""db"": ""crossref"", ""query"": ""foldable duct propeller rotor"", ""rank"": 34, ""source_id"": ""doi:10.2514/5.9781600865183.0331.0345""}]"
doi:10.2514/5.9781600865183.0347.0362,Duct Acoustics: Sound Propagation in Curved Ducts,1976,https://doi.org/10.2514/5.9781600865183.0347.0362,,0,False,UNSCREENED,"[{""abstract_available"": false, ""db"": ""crossref"", ""query"": ""foldable duct propeller rotor"", ""rank"": 27, ""source_id"": ""doi:10.2514/5.9781600865183.0347.0362""}]"
doi:10.2514/5.9781600865183.0363.0370,Duct Acoustics: Duct Acoustics and Acoustic Finite Element Method,1976,https://doi.org/10.2514/5.9781600865183.0363.0370,,0,False,UNSCREENED,"[{""abstract_available"": false, ""db"": ""crossref"", ""query"": ""segmented shroud rotor duct seam aerodynamic"", ""rank"": 24, ""source_id"": ""doi:10.2514/5.9781600865183.0363.0370""}, {""abstract_available"": false, ""db"": ""crossref"", ""query"": ""foldable duct propeller rotor"", ""rank"": 15, ""source_id"": ""doi:10.2514/5.9781600865183.0363.0370""}]"
doi:10.2514/5.9781600865183.0371.0384,Duct Acoustics: Suppression of Multiple Pure Tones,1976,https://doi.org/10.2514/5.9781600865183.0371.0384,,0,False,UNSCREENED,"[{""abstract_available"": false, ""db"": ""crossref"", ""query"": ""foldable duct propeller rotor"", ""rank"": 30, ""source_id"": ""doi:10.2514/5.9781600865183.0371.0384""}]"
doi:10.2514/5.9781600865183.0385.0395,Duct Acoustics: Sparse Matrix Techniques Applied to Modal Analysis of Multisection Duct Liners,1976,https://doi.org/10.2514/5.9781600865183.0385.0395,,0,False,UNSCREENED,"[{""abstract_available"": false, ""db"": ""crossref"", ""query"": ""foldable duct propeller rotor"", ""rank"": 24, ""source_id"": ""doi:10.2514/5.9781600865183.0385.0395""}]"
doi:10.2514/5.9781600865183.0433.0450,Duct Acoustics: Effects of a Conical Segment on Sound Radiation from a Circular Duct,1976,https://doi.org/10.2514/5.9781600865183.0433.0450,,0,False,UNSCREENED,"[{""abstract_available"": false, ""db"": ""crossref"", ""query"": ""foldable duct propeller rotor"", ""rank"": 31, ""source_id"": ""doi:10.2514/5.9781600865183.0433.0450""}]"
doi:10.2514/5.9781600865183.0533.0536,Duct Acoustics: Panel Discussion: Duct Acoustics,1976,https://doi.org/10.2514/5.9781600865183.0533.0536,,0,False,UNSCREENED,"[{""abstract_available"": false, ""db"": ""crossref"", ""query"": ""segmented shroud rotor duct seam aerodynamic"", ""rank"": 17, ""source_id"": ""doi:10.2514/5.9781600865183.0533.0536""}, {""abstract_available"": false, ""db"": ""crossref"", ""query"": ""foldable duct propeller rotor"", ""rank"": 5, ""source_id"": ""doi:10.2514/5.9781600865183.0533.0536""}]"
doi:10.2514/5.9781600866920.0041.0080,Titan Explorer: The Next Step in the Exploration of a Mysterious World,2008,https://doi.org/10.2514/5.9781600866920.0041.0080,,0,False,UNSCREENED,"[{""abstract_available"": false, ""db"": ""openalex"", ""query"": ""segmented shroud rotor duct seam aerodynamic"", ""rank"": 5, ""source_id"": ""doi:10.2514/5.9781600866920.0041.0080""}]"
doi:10.2514/6.1974-1188,Sealing technology for aircraft gas turbine engines,1974,https://doi.org/10.2514/6.1974-1188,,0,False,UNSCREENED,"[{""abstract_available"": false, ""db"": ""openalex"", ""query"": ""ducted fan tip clearance ovality"", ""rank"": 19, ""source_id"": ""doi:10.2514/6.1974-1188""}]"
doi:10.2514/6.1978-931,Design approaches to more energy efficient engines,1978,https://doi.org/10.2514/6.1978-931,,0,False,UNSCREENED,"[{""abstract_available"": false, ""db"": ""openalex"", ""query"": ""ducted fan tip clearance ovality"", ""rank"": 42, ""source_id"": ""doi:10.2514/6.1978-931""}]"
doi:10.2514/6.1997-1589,Inlet shape effects on the far-field sound of a model fan,1997,https://doi.org/10.2514/6.1997-1589,,0,False,UNSCREENED,"[{""abstract_available"": false, ""db"": ""openalex"", ""query"": ""foldable duct propeller rotor"", ""rank"": 43, ""source_id"": ""doi:10.2514/6.1997-1589""}]"
doi:10.2514/6.2002-2431,Fan Noise Source Diagnostic Test- LDV Measured Flow Field Results,2002,https://doi.org/10.2514/6.2002-2431,,0,False,UNSCREENED,"[{""abstract_available"": false, ""db"": ""openalex"", ""query"": ""ducted fan non-uniform tip clearance experimental"", ""rank"": 12, ""source_id"": ""doi:10.2514/6.2002-2431""}]"
doi:10.2514/6.2002-3790,Turbine Engine Clearance Control Systems: Current Practices and Future Directions,2002,https://doi.org/10.2514/6.2002-3790,,0,False,UNSCREENED,"[{""abstract_available"": false, ""db"": ""openalex"", ""query"": ""tip clearance optical capacitive measurement fan blade"", ""rank"": 9, ""source_id"": ""doi:10.2514/6.2002-3790""}, {""abstract_available"": false, ""db"": ""openalex"", ""query"": ""non-axisymmetric tip clearance rotor performance"", ""rank"": 18, ""source_id"": ""doi:10.2514/6.2002-3790""}]"
doi:10.2514/6.2018-4998,A Review of Distributed Electric Propulsion Concepts for Air Vehicle Technology,2018,https://doi.org/10.2514/6.2018-4998,,0,False,UNSCREENED,"[{""abstract_available"": false, ""db"": ""openalex"", ""query"": ""foldable duct propeller rotor"", ""rank"": 22, ""source_id"": ""doi:10.2514/6.2018-4998""}]"
doi:10.29008/etc2019-178,Effect of manufacturing tolerance in flow past a compressor blade,2019,https://doi.org/10.29008/etc2019-178,,0,False,UNSCREENED,"[{""abstract_available"": false, ""db"": ""openalex"", ""query"": ""ducted fan tip clearance ovality"", ""rank"": 26, ""source_id"": ""doi:10.29008/etc2019-178""}]"
doi:10.3030/685636,,2016,https://doi.org/10.3030/685636,,0,False,UNSCREENED,"[{""abstract_available"": false, ""db"": ""crossref"", ""query"": ""segmented shroud rotor duct seam aerodynamic"", ""rank"": 27, ""source_id"": ""doi:10.3030/685636""}]"
doi:10.32604/fdmp.2022.017566,Influence of the Impeller/Guide Vane Clearance Ratio on the Performances of a Nuclear Reactor Coolant Pump,2021,https://doi.org/10.32604/fdmp.2022.017566,,0,False,UNSCREENED,"[{""abstract_available"": false, ""db"": ""openalex"", ""query"": ""non-axisymmetric tip clearance rotor performance"", ""rank"": 46, ""source_id"": ""doi:10.32604/fdmp.2022.017566""}]"
doi:10.33737/gpps20-tc-43,Development of a Research Model to Study the Operability of a Variable Pitch Fan Aero Engine In Reverse Thrust,2020,https://doi.org/10.33737/gpps20-tc-43,,0,False,UNSCREENED,"[{""abstract_available"": false, ""db"": ""openalex"", ""query"": ""ducted fan tip clearance ovality"", ""rank"": 9, ""source_id"": ""doi:10.33737/gpps20-tc-43""}]"
doi:10.3390/aerospace11040286,Preliminary Design and Optimization of Primary Structures for a Tilt-Duct UAV,2024,https://doi.org/10.3390/aerospace11040286,,0,False,UNSCREENED,"[{""abstract_available"": false, ""db"": ""openalex"", ""query"": ""foldable duct propeller rotor"", ""rank"": 46, ""source_id"": ""doi:10.3390/aerospace11040286""}]"
doi:10.3390/aerospace7040044,"A Review of Concepts, Benefits, and Challenges for Future Electrical Propulsion-Based Aircraft",2020,https://doi.org/10.3390/aerospace7040044,,0,False,UNSCREENED,"[{""abstract_available"": false, ""db"": ""openalex"", ""query"": ""foldable duct propeller rotor"", ""rank"": 31, ""source_id"": ""doi:10.3390/aerospace7040044""}]"
doi:10.3390/app9235244,Numerical Simulation of the Tip Leakage Vortex Characteristics in a Semi-Open Centrifugal Pump,2019,https://doi.org/10.3390/app9235244,,0,False,UNSCREENED,"[{""abstract_available"": false, ""db"": ""openalex"", ""query"": ""non-axisymmetric tip clearance rotor performance"", ""rank"": 27, ""source_id"": ""doi:10.3390/app9235244""}]"
doi:10.3390/electronics11010020,Design and Analysis of VTOL Operated Intercity Electrical Vehicle for Urban Air Mobility,2021,https://doi.org/10.3390/electronics11010020,,0,False,UNSCREENED,"[{""abstract_available"": false, ""db"": ""openalex"", ""query"": ""foldable duct propeller rotor"", ""rank"": 39, ""source_id"": ""doi:10.3390/electronics11010020""}]"
doi:10.3390/en10081153,Numerical Investigation for the Impact of Single Groove on the Stall Margin Improvement and the Unsteadiness of Tip Leakage Flow in a Counter-Rotating Axial Flow Compressor,2017,https://doi.org/10.3390/en10081153,,0,False,UNSCREENED,"[{""abstract_available"": false, ""db"": ""openalex"", ""query"": ""ducted fan tip clearance ovality"", ""rank"": 12, ""source_id"": ""doi:10.3390/en10081153""}]"
doi:10.3390/en16135085,Monitoring Technologies for HVDC Transmission Lines,2023,https://doi.org/10.3390/en16135085,,0,False,UNSCREENED,"[{""abstract_available"": false, ""db"": ""openalex"", ""query"": ""tip clearance optical capacitive measurement fan blade"", ""rank"": 33, ""source_id"": ""doi:10.3390/en16135085""}]"
doi:10.3390/en17143533,Review of Various Sensor Technologies in Monitoring the Condition of Power Transformers,2024,https://doi.org/10.3390/en17143533,,0,False,UNSCREENED,"[{""abstract_available"": false, ""db"": ""openalex"", ""query"": ""tip clearance optical capacitive measurement fan blade"", ""rank"": 34, ""source_id"": ""doi:10.3390/en17143533""}]"
doi:10.3390/ijms23041981,Microfluidic-Based Technologies for CTC Isolation: A Review of 10 Years of Intense Efforts towards Liquid Biopsy,2022,https://doi.org/10.3390/ijms23041981,,0,False,UNSCREENED,"[{""abstract_available"": false, ""db"": ""openalex"", ""query"": ""ducted fan tip clearance ovality"", ""rank"": 22, ""source_id"": ""doi:10.3390/ijms23041981""}]"
doi:10.3390/ijtpp7020017,UHBR Open-Test-Case Fan ECL5/CATANA,2022,https://doi.org/10.3390/ijtpp7020017,,0,False,UNSCREENED,"[{""abstract_available"": false, ""db"": ""openalex"", ""query"": ""ducted fan non-uniform tip clearance experimental"", ""rank"": 30, ""source_id"": ""doi:10.3390/ijtpp7020017""}]"
doi:10.3390/ijtpp9010010,Quantification of Blade Vibration Amplitude in Turbomachinery,2024,https://doi.org/10.3390/ijtpp9010010,,0,False,UNSCREENED,"[{""abstract_available"": false, ""db"": ""openalex"", ""query"": ""tip clearance optical capacitive measurement fan blade"", ""rank"": 25, ""source_id"": ""doi:10.3390/ijtpp9010010""}]"
doi:10.3390/jmse10101514,"A Review on Hydrodynamic Performance and Design of Pump-Jet: Advances, Challenges and Prospects",2022,https://doi.org/10.3390/jmse10101514,,0,False,UNSCREENED,"[{""abstract_available"": false, ""db"": ""openalex"", ""query"": ""non-axisymmetric tip clearance rotor performance"", ""rank"": 37, ""source_id"": ""doi:10.3390/jmse10101514""}]"
doi:10.3390/life14010040,Platelet-Rich Plasma in Dermatology: New Insights on the Cellular Mechanism of Skin Repair and Regeneration,2023,https://doi.org/10.3390/life14010040,,0,False,UNSCREENED,"[{""abstract_available"": false, ""db"": ""openalex"", ""query"": ""ducted fan tip clearance ovality"", ""rank"": 50, ""source_id"": ""doi:10.3390/life14010040""}]"
doi:10.3390/machines11020155,Numerical and Experimental Investigations of Axial Flow Fan with Bionic Forked Trailing Edge,2023,https://doi.org/10.3390/machines11020155,,0,False,UNSCREENED,"[{""abstract_available"": false, ""db"": ""openalex"", ""query"": ""ducted fan non-uniform tip clearance experimental"", ""rank"": 47, ""source_id"": ""doi:10.3390/machines11020155""}]"
doi:10.3390/mi14061273,MXene-Based Nanocomposites for Piezoelectric and Triboelectric Energy Harvesting Applications,2023,https://doi.org/10.3390/mi14061273,,0,False,UNSCREENED,"[{""abstract_available"": false, ""db"": ""openalex"", ""query"": ""tip clearance optical capacitive measurement fan blade"", ""rank"": 46, ""source_id"": ""doi:10.3390/mi14061273""}]"
doi:10.3390/nano11092337,Iron Oxide Nanoparticles in Regenerative Medicine and Tissue Engineering,2021,https://doi.org/10.3390/nano11092337,,0,False,UNSCREENED,"[{""abstract_available"": false, ""db"": ""openalex"", ""query"": ""ducted fan tip clearance ovality"", ""rank"": 23, ""source_id"": ""doi:10.3390/nano11092337""}]"
doi:10.3390/pr10040753,Multi-Objective Optimization for the Radial Bending and Twisting Law of Axial Fan Blades,2022,https://doi.org/10.3390/pr10040753,,0,False,UNSCREENED,"[{""abstract_available"": false, ""db"": ""openalex"", ""query"": ""ducted fan non-uniform tip clearance experimental"", ""rank"": 44, ""source_id"": ""doi:10.3390/pr10040753""}]"
doi:10.3390/s16122202,Development and Validation of a UAV Based System for Air Pollution Measurements,2016,https://doi.org/10.3390/s16122202,,0,False,UNSCREENED,"[{""abstract_available"": false, ""db"": ""openalex"", ""query"": ""foldable duct propeller rotor"", ""rank"": 6, ""source_id"": ""doi:10.3390/s16122202""}]"
doi:10.3390/s18020609,Recent Advances in Active Infrared Thermography for Non-Destructive Testing of Aerospace Components,2018,https://doi.org/10.3390/s18020609,,0,False,UNSCREENED,"[{""abstract_available"": false, ""db"": ""openalex"", ""query"": ""tip clearance optical capacitive measurement fan blade"", ""rank"": 13, ""source_id"": ""doi:10.3390/s18020609""}]"
doi:10.3390/s18103318,Design of Amphibious Vehicle for Unmanned Mission in Water Quality Monitoring Using Internet of Things,2018,https://doi.org/10.3390/s18103318,,0,False,UNSCREENED,"[{""abstract_available"": false, ""db"": ""openalex"", ""query"": ""foldable duct propeller rotor"", ""rank"": 32, ""source_id"": ""doi:10.3390/s18103318""}]"
doi:10.3390/s19030711,A Review of NDT/Structural Health Monitoring Techniques for Hot Gas Components in Gas Turbines,2019,https://doi.org/10.3390/s19030711,,0,False,UNSCREENED,"[{""abstract_available"": false, ""db"": ""openalex"", ""query"": ""ducted fan non-uniform tip clearance experimental"", ""rank"": 33, ""source_id"": ""doi:10.3390/s19030711""}, {""abstract_available"": false, ""db"": ""openalex"", ""query"": ""tip clearance optical capacitive measurement fan blade"", ""rank"": 17, ""source_id"": ""doi:10.3390/s19030711""}]"
doi:10.3390/s23052600,State-Space Model for Arrival Time Simulations and Methodology for Offline Blade Tip-Timing Software Characterization,2023,https://doi.org/10.3390/s23052600,,0,False,UNSCREENED,"[{""abstract_available"": false, ""db"": ""openalex"", ""query"": ""tip clearance optical capacitive measurement fan blade"", ""rank"": 18, ""source_id"": ""doi:10.3390/s23052600""}]"
doi:10.3390/s25103059,Gap Measurements in Aerospace Engineering,2025,https://doi.org/10.3390/s25103059,,0,False,UNSCREENED,"[{""abstract_available"": false, ""db"": ""openalex"", ""query"": ""tip clearance optical capacitive measurement fan blade"", ""rank"": 29, ""source_id"": ""doi:10.3390/s25103059""}]"
doi:10.3403/00154732,"Methods for aerodynamic testing of constant and variable dual or single duct boxes, single duct units and induction boxes for air distribution systems",,https://doi.org/10.3403/00154732,,0,False,UNSCREENED,"[{""abstract_available"": false, ""db"": ""crossref"", ""query"": ""segmented shroud rotor duct seam aerodynamic"", ""rank"": 32, ""source_id"": ""doi:10.3403/00154732""}]"
doi:10.3403/00154732u,"Methods for aerodynamic testing of constant and variable dual or single duct boxes, single duct units and induction boxes for air distribution systems",,https://doi.org/10.3403/00154732u,,0,False,UNSCREENED,"[{""abstract_available"": false, ""db"": ""crossref"", ""query"": ""segmented shroud rotor duct seam aerodynamic"", ""rank"": 31, ""source_id"": ""doi:10.3403/00154732u""}]"
doi:10.3758/bf03200594,Unprimed stem completion is only moderately predicted by word frequency and length,1997,https://doi.org/10.3758/bf03200594,,0,False,UNSCREENED,"[{""abstract_available"": false, ""db"": ""openalex"", ""query"": ""segmented shroud rotor duct seam aerodynamic"", ""rank"": 8, ""source_id"": ""doi:10.3758/bf03200594""}]"
doi:10.3844/jastsp.2017.204.223,About Helicopters,2017,https://doi.org/10.3844/jastsp.2017.204.223,,0,False,UNSCREENED,"[{""abstract_available"": false, ""db"": ""openalex"", ""query"": ""foldable duct propeller rotor"", ""rank"": 33, ""source_id"": ""doi:10.3844/jastsp.2017.204.223""}]"
doi:10.5075/epfl-thesis-5493,Miniaturized Microwave Cavities for Industrial Applications,2012,https://doi.org/10.5075/epfl-thesis-5493,,0,False,UNSCREENED,"[{""abstract_available"": false, ""db"": ""openalex"", ""query"": ""tip clearance optical capacitive measurement fan blade"", ""rank"": 50, ""source_id"": ""doi:10.5075/epfl-thesis-5493""}]"
doi:10.5287/ora-o8569gmbb,Numerical and experimental studies of shallow cone penetration in clay,2008,https://doi.org/10.5287/ora-o8569gmbb,,0,False,UNSCREENED,"[{""abstract_available"": false, ""db"": ""openalex"", ""query"": ""tip clearance optical capacitive measurement fan blade"", ""rank"": 47, ""source_id"": ""doi:10.5287/ora-o8569gmbb""}]"
doi:10.55214/25768484.v9i1.4156,Aerial e-mobility perspective: Anticipated designs and operational capabilities of eVTOL urban air mobility (UAM) aircraft,2025,https://doi.org/10.55214/25768484.v9i1.4156,,0,False,UNSCREENED,"[{""abstract_available"": false, ""db"": ""openalex"", ""query"": ""foldable duct propeller rotor"", ""rank"": 41, ""source_id"": ""doi:10.55214/25768484.v9i1.4156""}]"
doi:10.5772/61381,Recent Progress in Some Aircraft Technologies,2016,https://doi.org/10.5772/61381,,0,False,UNSCREENED,"[{""abstract_available"": false, ""db"": ""openalex"", ""query"": ""segmented shroud rotor duct seam aerodynamic"", ""rank"": 3, ""source_id"": ""doi:10.5772/61381""}]"
doi:10.5962/bhl.title.28957,"A narrative of travels on the Amazon and Rio Negro : with an account of the native tribes, and observations on the climate, geology, and natural history of the Amazon Valley",1889,https://doi.org/10.5962/bhl.title.28957,,0,False,UNSCREENED,"[{""abstract_available"": false, ""db"": ""openalex"", ""query"": ""ducted fan tip clearance ovality"", ""rank"": 43, ""source_id"": ""doi:10.5962/bhl.title.28957""}]"
doi:10.5962/bhl.title.5894,Handbook of basic microtechnique,1952,https://doi.org/10.5962/bhl.title.5894,,0,False,UNSCREENED,"[{""abstract_available"": false, ""db"": ""openalex"", ""query"": ""ducted fan tip clearance ovality"", ""rank"": 35, ""source_id"": ""doi:10.5962/bhl.title.5894""}]"
doi:10.71375/djvs.2024.02201,A comprehensive review of the architecture morphology of the avian kidney : Review,2024,https://doi.org/10.71375/djvs.2024.02201,,0,False,UNSCREENED,"[{""abstract_available"": false, ""db"": ""openalex"", ""query"": ""ducted fan tip clearance ovality"", ""rank"": 49, ""source_id"": ""doi:10.71375/djvs.2024.02201""}]"
https://openalex.org/w1517484335,Fuel conservative aircraft engine technology,1978,https://openalex.org/W1517484335,,0,False,UNSCREENED,"[{""abstract_available"": false, ""db"": ""openalex"", ""query"": ""ducted fan tip clearance ovality"", ""rank"": 44, ""source_id"": ""https://openalex.org/W1517484335""}]"
https://openalex.org/w1554950963,Aerodynamic performance measurements of a film-cooled turbine stage,2001,https://openalex.org/W1554950963,,0,False,UNSCREENED,"[{""abstract_available"": false, ""db"": ""openalex"", ""query"": ""tip clearance optical capacitive measurement fan blade"", ""rank"": 38, ""source_id"": ""https://openalex.org/W1554950963""}]"
https://openalex.org/w1556333961,Vibration and crack detection in gas turbine engine compressor blades using Eddy current sensors,2003,https://openalex.org/W1556333961,,0,False,UNSCREENED,"[{""abstract_available"": false, ""db"": ""openalex"", ""query"": ""tip clearance optical capacitive measurement fan blade"", ""rank"": 22, ""source_id"": ""https://openalex.org/W1556333961""}]"
https://openalex.org/w1641353555,Analytical investigation of fan tone noise due to ingested atmospheric turbulence,1980,https://openalex.org/W1641353555,,0,False,UNSCREENED,"[{""abstract_available"": false, ""db"": ""openalex"", ""query"": ""ducted fan tip clearance ovality"", ""rank"": 10, ""source_id"": ""https://openalex.org/W1641353555""}]"
https://openalex.org/w178229292,Plasma Actuation for Boundary Layer Separation Control in Engine Ducts,2011,https://openalex.org/W178229292,,0,False,UNSCREENED,"[{""abstract_available"": false, ""db"": ""openalex"", ""query"": ""ducted fan tip clearance ovality"", ""rank"": 13, ""source_id"": ""https://openalex.org/W178229292""}]"
https://openalex.org/w213363344,Energy efficient engine: Fan test hardware detailed design report,1980,https://openalex.org/W213363344,,0,False,UNSCREENED,"[{""abstract_available"": false, ""db"": ""openalex"", ""query"": ""ducted fan tip clearance ovality"", ""rank"": 4, ""source_id"": ""https://openalex.org/W213363344""}]"
https://openalex.org/w218077219,"A History of Aerospace Problems, Their Solutions, Their Lessons",,https://openalex.org/W218077219,,0,False,UNSCREENED,"[{""abstract_available"": false, ""db"": ""openalex"", ""query"": ""segmented shroud rotor duct seam aerodynamic"", ""rank"": 2, ""source_id"": ""https://openalex.org/W218077219""}]"
https://openalex.org/w2286961450,Parametric dependencies of aeroengine flutter for flutter clearance applications,2000,https://openalex.org/W2286961450,,0,False,UNSCREENED,"[{""abstract_available"": false, ""db"": ""openalex"", ""query"": ""ducted fan tip clearance ovality"", ""rank"": 18, ""source_id"": ""https://openalex.org/W2286961450""}]"
https://openalex.org/w2585294426,Study on the feasibility of V/STOL concepts for short-haul transport aircraft,1967,https://openalex.org/W2585294426,,0,False,UNSCREENED,"[{""abstract_available"": false, ""db"": ""openalex"", ""query"": ""ducted fan tip clearance ovality"", ""rank"": 41, ""source_id"": ""https://openalex.org/W2585294426""}]"
https://openalex.org/w2611208711,Quantum Measurement Backaction and Upconverting Microwave Signals with Mechanical Resonators,2017,https://openalex.org/W2611208711,,0,False,UNSCREENED,"[{""abstract_available"": false, ""db"": ""openalex"", ""query"": ""tip clearance optical capacitive measurement fan blade"", ""rank"": 42, ""source_id"": ""https://openalex.org/W2611208711""}]"
https://openalex.org/w2749684875,Testing of lift/cruise fan exhaust deflector,1975,https://openalex.org/W2749684875,,0,False,UNSCREENED,"[{""abstract_available"": false, ""db"": ""openalex"", ""query"": ""ducted fan tip clearance ovality"", ""rank"": 15, ""source_id"": ""https://openalex.org/W2749684875""}]"
https://openalex.org/w2909016754,"Design, development and evaluation of a distributed electric propulsion testbed aircraft",2018,https://openalex.org/W2909016754,,0,False,UNSCREENED,"[{""abstract_available"": false, ""db"": ""openalex"", ""query"": ""segmented shroud rotor duct seam aerodynamic"", ""rank"": 6, ""source_id"": ""https://openalex.org/W2909016754""}]"
https://openalex.org/w2916556215,Intake and exhaust position optimization in the cooling duct of diesel helicopters,2018,https://openalex.org/W2916556215,,0,False,UNSCREENED,"[{""abstract_available"": false, ""db"": ""openalex"", ""query"": ""foldable duct propeller rotor"", ""rank"": 44, ""source_id"": ""https://openalex.org/W2916556215""}]"
https://openalex.org/w2920907954,Development of blade tip timing techniques in turbo machinery,2013,https://openalex.org/W2920907954,,0,False,UNSCREENED,"[{""abstract_available"": false, ""db"": ""openalex"", ""query"": ""tip clearance optical capacitive measurement fan blade"", ""rank"": 11, ""source_id"": ""https://openalex.org/W2920907954""}]"
https://openalex.org/w3198750370,Leakage performance evaluation of cloth seal,2020,https://openalex.org/W3198750370,,0,False,UNSCREENED,"[{""abstract_available"": false, ""db"": ""openalex"", ""query"": ""segmented shroud rotor duct seam aerodynamic"", ""rank"": 13, ""source_id"": ""https://openalex.org/W3198750370""}]"
https://openalex.org/w4389528906,Improving Fan System Performance: A Sourcebook for Industry,2003,https://openalex.org/W4389528906,,0,False,UNSCREENED,"[{""abstract_available"": false, ""db"": ""openalex"", ""query"": ""segmented shroud rotor duct seam aerodynamic"", ""rank"": 4, ""source_id"": ""https://openalex.org/W4389528906""}]"
https://openalex.org/w573498726,Heat Transfer in Gas Turbines,2001,https://openalex.org/W573498726,,0,False,UNSCREENED,"[{""abstract_available"": false, ""db"": ""openalex"", ""query"": ""ducted fan tip clearance ovality"", ""rank"": 17, ""source_id"": ""https://openalex.org/W573498726""}]"
https://openalex.org/w7209141395,"Cumulative Index to NASA Tech Briefs, 1963 - 1966",,https://openalex.org/W7209141395,,0,False,UNSCREENED,"[{""abstract_available"": false, ""db"": ""openalex"", ""query"": ""segmented shroud rotor duct seam aerodynamic"", ""rank"": 15, ""source_id"": ""https://openalex.org/W7209141395""}]"
https://openalex.org/w7209821422,"Index to 1985 NASA Tech Briefs, volume 10, numbers 1-4",,https://openalex.org/W7209821422,,0,False,UNSCREENED,"[{""abstract_available"": false, ""db"": ""openalex"", ""query"": ""segmented shroud rotor duct seam aerodynamic"", ""rank"": 12, ""source_id"": ""https://openalex.org/W7209821422""}]"
https://openalex.org/w7210173302,"Index to NASA Tech Briefs, 1974",,https://openalex.org/W7210173302,,0,False,UNSCREENED,"[{""abstract_available"": false, ""db"": ""openalex"", ""query"": ""segmented shroud rotor duct seam aerodynamic"", ""rank"": 11, ""source_id"": ""https://openalex.org/W7210173302""}]"
https://openalex.org/w753540759,Glossary of terms and table of conversion factors used in design of chemical propulsion systems,1979,https://openalex.org/W753540759,,0,False,UNSCREENED,"[{""abstract_available"": false, ""db"": ""openalex"", ""query"": ""segmented shroud rotor duct seam aerodynamic"", ""rank"": 10, ""source_id"": ""https://openalex.org/W753540759""}]"
https://openalex.org/w792388444,An Overview of Autogyros and The McDonnell XV-1 Convertiplane,2003,https://openalex.org/W792388444,,0,False,UNSCREENED,"[{""abstract_available"": false, ""db"": ""openalex"", ""query"": ""foldable duct propeller rotor"", ""rank"": 47, ""source_id"": ""https://openalex.org/W792388444""}]"
https://openalex.org/w803743262,Heave-pitch-roll analysis and testing of air cushion landing systems,1978,https://openalex.org/W803743262,,0,False,UNSCREENED,"[{""abstract_available"": false, ""db"": ""openalex"", ""query"": ""ducted fan tip clearance ovality"", ""rank"": 37, ""source_id"": ""https://openalex.org/W803743262""}]"
https://openalex.org/w805706520,Broadband Fan Noise Generated by Small Scale Turbulence,1998,https://openalex.org/W805706520,,0,False,UNSCREENED,"[{""abstract_available"": false, ""db"": ""openalex"", ""query"": ""ducted fan non-uniform tip clearance experimental"", ""rank"": 38, ""source_id"": ""https://openalex.org/W805706520""}]"
https://openalex.org/w817807592,Modeling Flight: The Role of Dynamically Scaled Free-Flight Models in Support of NASA's Aerospace Programs,2010,https://openalex.org/W817807592,,0,False,UNSCREENED,"[{""abstract_available"": false, ""db"": ""openalex"", ""query"": ""ducted fan tip clearance ovality"", ""rank"": 34, ""source_id"": ""https://openalex.org/W817807592""}]"
https://openalex.org/w848805088,"Expanded study of feasibility of measuring in-flight 747/JT9D loads, performance, clearance, and thermal data",1980,https://openalex.org/W848805088,,0,False,UNSCREENED,"[{""abstract_available"": false, ""db"": ""openalex"", ""query"": ""tip clearance optical capacitive measurement fan blade"", ""rank"": 37, ""source_id"": ""https://openalex.org/W848805088""}]"
